120m_cut_nolevee                                                                
    2540    1446
 1339290 -0.876557401070E+02  0.191911025730E+02  0.300000000000E+00
 1346995 -0.876402658224E+02  0.191896058441E+02  0.300000000000E+00
 1346996 -0.876266655878E+02  0.191944692078E+02 -0.100000000000E+01
 1346997 -0.876492493355E+02  0.192006607991E+02  0.126402863600E+03
 1346998 -0.876597638159E+02  0.192043496707E+02  0.153413122540E+03
 1346999 -0.876743101022E+02  0.192006099999E+02  0.480000000000E+02
 1354476 -0.876383710393E+02  0.192062611583E+02  0.154000000000E+03
 1354477 -0.876240667996E+02  0.192090946714E+02  0.165086211980E+03
 1354478 -0.876521058928E+02  0.192119847494E+02  0.239000000000E+03
 1354479 -0.876437736751E+02  0.192184175767E+02  0.210097845630E+03
 1354480 -0.876674136420E+02  0.192173902321E+02  0.135250000000E+03
 1354481 -0.876851186337E+02  0.192175463629E+02 -0.100000000000E+01
 1361777 -0.876324701622E+02  0.192195952593E+02  0.154000000000E+03
 1361778 -0.876184148422E+02  0.192217636343E+02  0.303700365190E+03
 1361779 -0.876540638490E+02  0.192248290598E+02  0.157000000000E+03
 1361780 -0.876418574320E+02  0.192294176566E+02  0.860000000000E+02
 1361781 -0.876662727421E+02  0.192334235814E+02  0.121750000000E+03
 1361782 -0.876802604583E+02  0.192289882004E+02  0.555000000000E+02
 1361783 -0.877423636447E+02  0.195894950155E+02  0.140000000000E+02
 1361784 -0.877490038700E+02  0.196042238026E+02  0.310000000000E+02
 1361785 -0.877457870991E+02  0.196187597640E+02  0.180000000000E+02
 1368945 -0.876283371848E+02  0.192326168588E+02  0.183000000000E+03
 1368946 -0.876125663186E+02  0.192356323904E+02  0.352125656410E+03
 1368947 -0.876529597099E+02  0.192383405624E+02  0.107500000000E+03
 1368948 -0.876395400109E+02  0.192427066226E+02  0.119000000000E+03
 1368949 -0.876638192969E+02  0.192455961155E+02  0.665000000000E+02
 1368950 -0.876791194968E+02  0.192453973186E+02  0.277500000000E+02
 1368951 -0.877444359608E+02  0.196347868785E+02  0.227500000000E+02
 1368952 -0.877441541734E+02  0.196543657416E+02  0.300000000000E+02
 1368953 -0.877422166269E+02  0.196688317401E+02  0.270000000000E+02
 1368954 -0.877178418726E+02  0.195695916105E+02  0.300000000000E+00
 1368955 -0.877259190619E+02  0.195917666311E+02  0.270000000000E+02
 1368956 -0.877329714855E+02  0.196004217933E+02  0.310000000000E+02
 1368957 -0.877311493070E+02  0.196123836503E+02  0.350000000000E+02
 1368958 -0.877281237816E+02  0.196274223743E+02  0.410000000000E+02
 1375967 -0.876251743431E+02  0.192465855895E+02  0.192500000000E+03
 1375968 -0.876108842300E+02  0.192500590846E+02  0.236000000000E+03
 1375969 -0.876367064673E+02  0.192552087299E+02  0.430000000000E+02
 1375970 -0.876522049285E+02  0.192540703384E+02 -0.129000000000E+03
 1375971 -0.876685396069E+02  0.192567487766E+02  0.600000000000E+01
 1375972 -0.876031232138E+02  0.192618041939E+02  0.155500000000E+03
 1375973 -0.877226406359E+02  0.196464152730E+02  0.426666679380E+02
 1375974 -0.877272054077E+02  0.196656812879E+02  0.595000000000E+02
 1375975 -0.877348357496E+02  0.196802597435E+02  0.270000000000E+02
 1375976 -0.876738290207E+02  0.195234105163E+02  0.300000000000E+00
 1375977 -0.877099151803E+02  0.195593738708E+02  0.900000000000E+01
 1375978 -0.876573811061E+02  0.195147039829E+02  0.300000000000E+00
 1375979 -0.877101416250E+02  0.196329543799E+02  0.400000000000E+02
 1375980 -0.877042185931E+02  0.195714658225E+02  0.180000000000E+02
 1375981 -0.877144733416E+02  0.195815312850E+02  0.105000000000E+02
 1375982 -0.877108930927E+02  0.195924277105E+02  0.250000000000E+02
 1375983 -0.877164215441E+02  0.196042398672E+02  0.300000000000E+02
 1375984 -0.877145880616E+02  0.196192343002E+02  0.330000000000E+02
 1375985 -0.877012784913E+02  0.196247476220E+02  0.340000000000E+02
 1375986 -0.876921913341E+02  0.195737137192E+02  0.190000000000E+02
 1382857 -0.876230118471E+02  0.192632898508E+02  0.680000000000E+02
 1382858 -0.876436012065E+02  0.192693912480E+02 -0.455000000000E+02
 1382859 -0.876602682015E+02  0.192705003136E+02 -0.170500000000E+03
 1382860 -0.876108831926E+02  0.192772423044E+02  0.320000000000E+02
 1382861 -0.875931960380E+02  0.192735324933E+02  0.837500000000E+02
 1382862 -0.877004844549E+02  0.196458179682E+02  0.297500000000E+02
 1382863 -0.877039390479E+02  0.196638782807E+02  0.340000000000E+02
 1382864 -0.877154462123E+02  0.196803369488E+02  0.280000000000E+02
 1382865 -0.876597950933E+02  0.195286342182E+02  0.120000000000E+02
 1382866 -0.876922544936E+02  0.195597707578E+02  0.650000000000E+01
 1382867 -0.876683935248E+02  0.195413363483E+02  0.950000000000E+01
 1382868 -0.876456082053E+02  0.195249095568E+02  0.120000000000E+02
 1382869 -0.876937343248E+02  0.196340887416E+02  0.370000000000E+02
 1382870 -0.876862323283E+02  0.196428958219E+02  0.310000000000E+02
 1382871 -0.876986353365E+02  0.195848136920E+02  0.210000000000E+02
 1382872 -0.876990161794E+02  0.195997870774E+02  0.270000000000E+02
 1382873 -0.877004136205E+02  0.196136579076E+02  0.315000000000E+02
 1382874 -0.876875148247E+02  0.196238027807E+02  0.300000000000E+00
 1382875 -0.876855839533E+02  0.195813227402E+02  0.180000000000E+02
 1382876 -0.876802642941E+02  0.195711955833E+02  0.142500000000E+02
 1389622 -0.876307102768E+02  0.192827378057E+02  0.165000000000E+02
 1389623 -0.876587055178E+02  0.192905404497E+02  0.555555582050E+00
 1389624 -0.876161807292E+02  0.192921985297E+02 -0.600000000000E+01
 1389625 -0.875990770506E+02  0.192898909527E+02  0.600000000000E+01
 1389626 -0.875787856842E+02  0.192854217688E+02  0.357500000000E+02
 1389627 -0.876862187672E+02  0.196546753123E+02  0.320000000000E+02
 1389628 -0.876826194525E+02  0.196698825098E+02  0.215000000000E+02
 1389629 -0.876929584051E+02  0.196843386647E+02  0.137500000000E+02
 1389630 -0.876523886079E+02  0.195392145618E+02  0.100000000000E+02
 1389631 -0.876719096383E+02  0.195572994577E+02  0.500000000000E+01
 1389632 -0.876582423352E+02  0.195508478779E+02  0.400000000000E+01
 1389633 -0.876383117383E+02  0.195374626510E+02 -0.100000000000E+01
 1389634 -0.876739698701E+02  0.196455832105E+02  0.255000000000E+02
 1389635 -0.876767542245E+02  0.196343138769E+02  0.285000000000E+02
 1389636 -0.876840708610E+02  0.195934474890E+02  0.220000000000E+02
 1389637 -0.876836626218E+02  0.196101357980E+02  0.242500000000E+02
 1389638 -0.876727579406E+02  0.195834432175E+02  0.185000000000E+02
 1389639 -0.876668884047E+02  0.195716236075E+02  0.132500000000E+02
 1389640 -0.875464597746E+02  0.195595500055E+02  0.590000000000E+02
 1389641 -0.875377871083E+02  0.195531668610E+02  0.500000000000E+02
 1389642 -0.875275454346E+02  0.195563411934E+02  0.100000000000E+01
 1396210 -0.876318791674E+02  0.193037644516E+02  0.533333349230E+01
 1396211 -0.876553931273E+02  0.193194787877E+02  0.383333325390E+01
 1396212 -0.876454368426E+02  0.193520098114E+02  0.263333339690E+02
 1396213 -0.876377204365E+02  0.193746893678E+02  0.298333339690E+02
 1396214 -0.876083539585E+02  0.193073571341E+02  0.325000000000E+01
 1396215 -0.875870627011E+02  0.193035934859E+02  0.625000000000E+01
 1396216 -0.875704854226E+02  0.192958823393E+02  0.155000000000E+02
 1396217 -0.876626835023E+02  0.196477814133E+02  0.200000000000E+02
 1396218 -0.876700674498E+02  0.196599940824E+02  0.230000000000E+02
 1396219 -0.876592127723E+02  0.196589588991E+02  0.160000000000E+02
 1396220 -0.876676878886E+02  0.196745523340E+02  0.100000000000E+02
 1396221 -0.876748451560E+02  0.196818563850E+02  0.120000000000E+02
 1396222 -0.875439008261E+02  0.195693143329E+02  0.590000000000E+02
 1396223 -0.875584464148E+02  0.195685702153E+02 -0.100000000000E+01
 1396224 -0.875704881451E+02  0.195640848327E+02  0.335000000000E+02
 1396225 -0.876439807503E+02  0.195520967189E+02  0.500000000000E+01
 1396226 -0.876545391549E+02  0.195642923027E+02  0.105000000000E+02
 1396227 -0.876291598608E+02  0.195487642417E+02  0.175000000000E+01
 1396228 -0.875901143390E+02  0.195589158121E+02  0.152500000000E+02
 1396229 -0.876141156290E+02  0.195566331184E+02  0.400000000000E+01
 1396230 -0.876618629481E+02  0.196338387564E+02  0.105000000000E+02
 1396231 -0.876687444805E+02  0.196199624481E+02  0.160000000000E+02
 1396232 -0.876647691347E+02  0.196011824091E+02  0.200000000000E+02
 1396233 -0.876549709957E+02  0.195818874761E+02  0.172500000000E+02
 1396234 -0.875294526753E+02  0.195656594531E+02  0.530000000000E+02
 1396235 -0.875361072174E+02  0.195753978397E+02  0.190000000000E+02
 1396236 -0.875162324694E+02  0.195650898402E+02  0.260000000000E+02
 1402652 -0.876219313948E+02  0.193302740028E+02  0.221111106870E+02
 1402653 -0.876197726688E+02  0.193579422501E+02  0.465000000000E+02
 1402654 -0.876148716020E+02  0.193756682245E+02  0.410000000000E+02
 1402655 -0.876152752516E+02  0.193917928541E+02  0.775000000000E+01
 1402656 -0.876053621390E+02  0.194024116778E+02  0.700000000000E+01
 1402657 -0.875930881743E+02  0.194068567474E+02  0.170000000000E+02
 1402658 -0.875743618881E+02  0.194192108436E+02  0.105000000000E+02
 1402659 -0.875612310724E+02  0.194255664148E+02 -0.800000000000E+01
 1402660 -0.875485690698E+02  0.194171304332E+02  0.600000000000E+01
 1402661 -0.875939927079E+02  0.193244213819E+02  0.750000000000E+01
 1402662 -0.875716813831E+02  0.193185873389E+02 -0.550000000000E+01
 1402663 -0.875470418998E+02  0.193147267533E+02  0.833333301540E+01
 1402664 -0.876490899427E+02  0.196390910705E+02  0.170000000000E+02
 1402665 -0.876488546580E+02  0.196526688494E+02  0.170000000000E+02
 1402666 -0.876580798958E+02  0.196685248980E+02  0.160000000000E+02
 1402667 -0.876498092325E+02  0.196632234761E+02  0.150000000000E+02
 1402668 -0.876568940739E+02  0.196796542757E+02  0.800000000000E+01
 1402669 -0.876636213039E+02  0.196874018529E+02 -0.100000000000E+01
 1402670 -0.875490380483E+02  0.195773941510E+02  0.260000000000E+02
 1402671 -0.875641269886E+02  0.195775300452E+02  0.270000000000E+02
 1402672 -0.875814618031E+02  0.195760385200E+02  0.210000000000E+02
 1402673 -0.876312428049E+02  0.195719986781E+02  0.118333330150E+02
 1402674 -0.876028744673E+02  0.195752753438E+02  0.105000000000E+02
 1402675 -0.876495485092E+02  0.196206157938E+02  0.185000000000E+02
 1402676 -0.876396285344E+02  0.195987846414E+02  0.157500000000E+02
 1402677 -0.875378470202E+02  0.195850746549E+02  0.300000000000E+00
 1402678 -0.875202975172E+02  0.195795466067E+02  0.115000000000E+02
 1408975 -0.875986912909E+02  0.193469442027E+02  0.201666660310E+02
 1408976 -0.875999844461E+02  0.193680678912E+02  0.315000000000E+02
 1408977 -0.876016052070E+02  0.193858487593E+02  0.317500000000E+02
 1408978 -0.875894029043E+02  0.193963355602E+02  0.222500000000E+02
 1408979 -0.875786343982E+02  0.194057819952E+02  0.850000000000E+01
 1408980 -0.875633264162E+02  0.194102089911E+02  0.120000000000E+02
 1408981 -0.875292348342E+02  0.193146705156E+02  0.105000000000E+02
 1408982 -0.875762355191E+02  0.193397721270E+02  0.300000000000E+01
 1408983 -0.875552700480E+02  0.193331279461E+02  0.112500000000E+02
 1408984 -0.875366256931E+02  0.193285305389E+02  0.300000000000E+02
 1408985 -0.875520063476E+02  0.198023107235E+02 -0.150000000000E+01
 1408986 -0.875656106618E+02  0.198008202290E+02 -0.150000000000E+01
 1408987 -0.875784407072E+02  0.197896599954E+02 -0.500000000000E+00
 1408988 -0.876361778093E+02  0.196326833217E+02  0.115000000000E+02
 1408989 -0.876354122294E+02  0.196469582882E+02  0.125000000000E+02
 1408990 -0.876380908788E+02  0.196611984137E+02  0.130000000000E+02
 1408991 -0.876448079574E+02  0.196747663205E+02  0.105000000000E+02
 1408992 -0.876502733238E+02  0.196930259731E+02 -0.125000000000E+01
 1408993 -0.876296727579E+02  0.196714490207E+02  0.117500000000E+02
 1408994 -0.875537998225E+02  0.195884778178E+02  0.300000000000E+00
 1408995 -0.875715276979E+02  0.195906147344E+02  0.200000000000E+01
 1408996 -0.875896391808E+02  0.195898103519E+02  0.250000000000E+01
 1408997 -0.876106730470E+02  0.195982555821E+02  0.488888883590E+01
 1408998 -0.876265667147E+02  0.196187679094E+02  0.800000000000E+01
 1408999 -0.875417796765E+02  0.195972892294E+02  0.110000000000E+02
 1409000 -0.875260598395E+02  0.195923422852E+02 -0.100000000000E+01
 1415209 -0.875802310086E+02  0.193611875630E+02  0.350000000000E+01
 1415210 -0.875847348991E+02  0.193808163479E+02  0.175000000000E+02
 1415211 -0.875729926082E+02  0.193962978339E+02  0.350000000000E+01
 1415212 -0.875189932543E+02  0.193251504387E+02 -0.250000000000E+01
 1415213 -0.875575466760E+02  0.193543643296E+02  0.267500000000E+02
 1415214 -0.875424891167E+02  0.193427865887E+02  0.320000000000E+02
 1415215 -0.875267250053E+02  0.193407209909E+02  0.235000000000E+02
 1415216 -0.875339234703E+02  0.198098743781E+02  0.150000000000E+01
 1415217 -0.875846401447E+02  0.197747177999E+02 -0.500000000000E+00
 1415218 -0.875547491730E+02  0.197924348193E+02 -0.100000000000E+01
 1415219 -0.875438264002E+02  0.197959479275E+02 -0.150000000000E+01
 1415220 -0.875659158229E+02  0.197812018977E+02  0.300000000000E+00
 1415221 -0.876202716503E+02  0.196379835466E+02  0.475000000000E+01
 1415222 -0.876199884375E+02  0.196581245272E+02  0.800000000000E+01
 1415223 -0.876308355391E+02  0.196862881861E+02  0.850000000000E+01
 1415224 -0.876334890267E+02  0.197041726268E+02  0.500000000000E+01
 1415225 -0.876146409768E+02  0.196768676560E+02  0.115000000000E+02
 1415226 -0.876004631125E+02  0.197560587810E+02 -0.300000000000E+01
 1415227 -0.875584795036E+02  0.196029640920E+02  0.100000000000E+02
 1415228 -0.875816588886E+02  0.196088675793E+02  0.550000000000E+01
 1415229 -0.876031007382E+02  0.196242845706E+02  0.175000000000E+01
 1415230 -0.875032595268E+02  0.195854444563E+02  0.690000000000E+02
 1415231 -0.875429690401E+02  0.196111416096E+02  0.145000000000E+02
 1415232 -0.875315228330E+02  0.196037349167E+02  0.110000000000E+02
 1415233 -0.875119820701E+02  0.195921900635E+02  0.300000000000E+00
 1415234 -0.875210398808E+02  0.196022203067E+02  0.100000000000E+02
 1415235 -0.874880650374E+02  0.195879308608E+02  0.870000000000E+02
 1421331 -0.875641932205E+02  0.193771604797E+02  0.170000000000E+02
 1421332 -0.875588707515E+02  0.193946557827E+02  0.275000000000E+02
 1421333 -0.875092861307E+02  0.193385686986E+02  0.300000000000E+01
 1421334 -0.875481296583E+02  0.193693264644E+02  0.450000000000E+02
 1421335 -0.875362781611E+02  0.193571891381E+02  0.540000000000E+02
 1421336 -0.875166776762E+02  0.193521005425E+02  0.150000000000E+02
 1421337 -0.875320663782E+02  0.197932263979E+02  0.400000000000E+01
 1421338 -0.875205614651E+02  0.197962650887E+02 -0.100000000000E+01
 1421339 -0.875746541148E+02  0.197612688578E+02  0.200000000000E+01
 1421340 -0.875463866323E+02  0.197818933187E+02 -0.500000000000E+00
 1421341 -0.875569293268E+02  0.197676182639E+02  0.150000000000E+01
 1421342 -0.875316402327E+02  0.197790303743E+02  0.400000000000E+01
 1421343 -0.876003839726E+02  0.196470826628E+02  0.350000000000E+01
 1421344 -0.876014465964E+02  0.196653321026E+02  0.650000000000E+01
 1421345 -0.876121291919E+02  0.196974475193E+02  0.716666650770E+01
 1421346 -0.876161331213E+02  0.197265913717E+02  0.266666674610E+01
 1421347 -0.875937733380E+02  0.196825645800E+02  0.775000000000E+01
 1421348 -0.875818653097E+02  0.197380827093E+02  0.450000000000E+01
 1421349 -0.875591418962E+02  0.196213935813E+02  0.116666669850E+02
 1421350 -0.875790501563E+02  0.196347501432E+02  0.625000000000E+01
 1421351 -0.875411246035E+02  0.196257866859E+02  0.145000000000E+02
 1421352 -0.874985699684E+02  0.195974522488E+02  0.615000000000E+02
 1421353 -0.875257657280E+02  0.196156811525E+02  0.650000000000E+01
 1421354 -0.875098689332E+02  0.196071531160E+02  0.135000000000E+02
 1421355 -0.874731398663E+02  0.195907137784E+02  0.300000000000E+00
 1421356 -0.874840459281E+02  0.196004857966E+02  0.780000000000E+02
 1427290 -0.875468469417E+02  0.193834750366E+02  0.315000000000E+02
 1427291 -0.875414431324E+02  0.193960770721E+02  0.650000000000E+01
 1427292 -0.874986019097E+02  0.193298680107E+02  0.200000000000E+01
 1427293 -0.874976141856E+02  0.193452383093E+02 -0.500000000000E+00
 1427294 -0.875357832922E+02  0.193744433382E+02  0.440000000000E+02
 1427295 -0.875265957032E+02  0.193665817126E+02  0.360000000000E+02
 1427296 -0.874636479986E+02  0.195958786770E+02  0.300000000000E+00
 1427297 -0.875183201144E+02  0.197859556684E+02  0.125000000000E+02
 1427298 -0.875088428863E+02  0.197988579483E+02 -0.100000000000E+01
 1427299 -0.874999834235E+02  0.198058695799E+02  0.300000000000E+01
 1427300 -0.875054848784E+02  0.197875199491E+02  0.130000000000E+02
 1427301 -0.874821263129E+02  0.198033648092E+02 -0.900000000000E+01
 1427302 -0.875581109719E+02  0.197499336952E+02  0.425000000000E+01
 1427303 -0.875395790922E+02  0.197637935502E+02  0.525000000000E+01
 1427304 -0.875218489463E+02  0.197702829361E+02  0.850000000000E+01
 1427305 -0.875784462571E+02  0.196620210869E+02  0.733333349230E+01
 1427306 -0.875839031497E+02  0.197082006955E+02  0.533333349230E+01
 1427307 -0.875720738563E+02  0.196855184196E+02  0.750000000000E+01
 1427308 -0.875579273882E+02  0.197264428545E+02  0.533333349230E+01
 1427309 -0.875515691850E+02  0.196448513780E+02  0.143333330150E+02
 1427310 -0.875261771682E+02  0.196358657080E+02  0.110000000000E+02
 1427311 -0.874941983151E+02  0.196115091998E+02  0.590000000000E+02
 1427312 -0.875076576371E+02  0.196238657245E+02  0.230000000000E+02
 1427313 -0.874704622998E+02  0.196032803605E+02  0.740000000000E+02
 1427314 -0.874798400815E+02  0.196120283311E+02  0.625000000000E+02
 1433139 -0.875326615952E+02  0.193891870822E+02  0.700000000000E+01
 1433140 -0.875283832380E+02  0.194031762966E+02 -0.300000000000E+01
 1433141 -0.874810350272E+02  0.193217625105E+02  0.300000000000E+00
 1433142 -0.874864918672E+02  0.193355611151E+02  0.400000000000E+01
 1433143 -0.875241876938E+02  0.193809005952E+02  0.290000000000E+02
 1433144 -0.875160558802E+02  0.193699688455E+02  0.162500000000E+02
 1433145 -0.874931577197E+02  0.193505243477E+02 -0.500000000000E+00
 1433146 -0.875033084148E+02  0.193587067311E+02 -0.175000000000E+01
 1433147 -0.874772168697E+02  0.200047203468E+02  0.740000000000E+02
 1433148 -0.874760415981E+02  0.200199454017E+02  0.735000000000E+02
 1433149 -0.874568134020E+02  0.196037792636E+02  0.300000000000E+00
 1433150 -0.874504131864E+02  0.195930094336E+02  0.100000000000E+01
 1433151 -0.874587874317E+02  0.199143896897E+02  0.300000000000E+00
 1433152 -0.874615006245E+02  0.199005482222E+02  0.220000000000E+02
 1433153 -0.874501969805E+02  0.199396617669E+02  0.131000000000E+03
 1433154 -0.875077960140E+02  0.197765069846E+02  0.900000000000E+01
 1433155 -0.874945915927E+02  0.197935688185E+02  0.100000000000E+01
 1433156 -0.874978737846E+02  0.197827103258E+02  0.200000000000E+01
 1433157 -0.874802504966E+02  0.197922655568E+02 -0.130000000000E+02
 1433158 -0.874736299624E+02  0.198512292805E+02 -0.900000000000E+01
 1433159 -0.875377105996E+02  0.197423959355E+02  0.650000000000E+01
 1433160 -0.875244269359E+02  0.197554003280E+02  0.800000000000E+01
 1433161 -0.875093312885E+02  0.197610107110E+02  0.600000000000E+01
 1433162 -0.875508266947E+02  0.196740483219E+02  0.155000000000E+02
 1433163 -0.875534198423E+02  0.197007574139E+02  0.933333301540E+01
 1433164 -0.875325544563E+02  0.197192866775E+02  0.135000000000E+02
 1433165 -0.875262175191E+02  0.196600941187E+02  0.221666660310E+02
 1433166 -0.875047283363E+02  0.196449151886E+02  0.187500000000E+02
 1433167 -0.874852073420E+02  0.196280699818E+02  0.374444427490E+02
 1433168 -0.874652865225E+02  0.196167963166E+02  0.305000000000E+02
 1438905 -0.875162198973E+02  0.192538889441E+02 -0.275000000000E+01
 1438906 -0.875324205623E+02  0.192379163796E+02 -0.111111111940E+00
 1438907 -0.875193252733E+02  0.193970501547E+02  0.950000000000E+01
 1438908 -0.875200330076E+02  0.194155988870E+02  0.120000000000E+02
 1438909 -0.874729138936E+02  0.193319961157E+02  0.450000000000E+01
 1438910 -0.874768765863E+02  0.193474569312E+02  0.450000000000E+01
 1438911 -0.875076424865E+02  0.193866094999E+02  0.275000000000E+01
 1438912 -0.874988479537E+02  0.193742680919E+02 -0.100000000000E+01
 1438913 -0.874828384873E+02  0.193654146381E+02  0.350000000000E+01
 1438914 -0.874585307943E+02  0.199547956726E+02 -0.300000000000E+01
 1438915 -0.874639888121E+02  0.199713598249E+02  0.402500000000E+02
 1438916 -0.874623348318E+02  0.199920504104E+02  0.153000000000E+03
 1438917 -0.874601019546E+02  0.200090711882E+02  0.185000000000E+03
 1438918 -0.874580831152E+02  0.200262452120E+02  0.272000000000E+03
 1438919 -0.874777020871E+02  0.200382140543E+02  0.405000000000E+02
 1438920 -0.874440843157E+02  0.196018523694E+02  0.130000000000E+02
 1438921 -0.874469860891E+02  0.196118584245E+02  0.300000000000E+00
 1438922 -0.874325887493E+02  0.195936874964E+02  0.500000000000E+00
 1438923 -0.874484493270E+02  0.199070220717E+02  0.885000000000E+02
 1438924 -0.874472185212E+02  0.199224940976E+02  0.510000000000E+02
 1438925 -0.874633305279E+02  0.198613749821E+02 -0.100000000000E+01
 1438926 -0.874503580857E+02  0.198916286949E+02 -0.500000000000E+00
 1438927 -0.874434691475E+02  0.199490776920E+02  0.144000000000E+03
 1438928 -0.874385146491E+02  0.199362626843E+02  0.239000000000E+03
 1438929 -0.874939170715E+02  0.197715623170E+02 -0.400000000000E+01
 1438930 -0.874875793665E+02  0.197843935601E+02 -0.130000000000E+02
 1438931 -0.874704858267E+02  0.198368921199E+02 -0.800000000000E+01
 1438932 -0.874604635067E+02  0.198488414460E+02  0.110000000000E+02
 1438933 -0.875136647531E+02  0.197395185073E+02  0.115000000000E+02
 1438934 -0.874943340104E+02  0.197527931928E+02 -0.525000000000E+01
 1438935 -0.874530772420E+02  0.196235264062E+02  0.135000000000E+02
 1438936 -0.875232335083E+02  0.196910475145E+02  0.245555553440E+02
 1438937 -0.875093706460E+02  0.197155578391E+02  0.206666660310E+02
 1438938 -0.875007702222E+02  0.196698366014E+02  0.233333339690E+02
 1438939 -0.874823401293E+02  0.196517589973E+02  0.120000000000E+02
 1438940 -0.874624003719E+02  0.196356161150E+02  0.290000000000E+02
 1444660 -0.876550312840E+02  0.188359698392E+02  0.622812500000E+02
 1444661 -0.874647947387E+02  0.193201758389E+02  0.800000000000E+01
 1444662 -0.874680618914E+02  0.193034836808E+02  0.370000000000E+02
 1444663 -0.875444738220E+02  0.192061697165E+02  0.862500000000E+01
 1444664 -0.875020064525E+02  0.192674252066E+02  0.550000000000E+01
 1444665 -0.874931738440E+02  0.192805393653E+02 -0.400000000000E+01
 1444666 -0.874801902696E+02  0.192929509857E+02 -0.550000000000E+01
 1444667 -0.874970471905E+02  0.192527335329E+02  0.300000000000E+00
 1444668 -0.875037070939E+02  0.192376497985E+02  0.750000000000E+01
 1444669 -0.875091902564E+02  0.192148567833E+02  0.261111106870E+02
 1444670 -0.875030436184E+02  0.194068285672E+02  0.330000000000E+02
 1444671 -0.875063053675E+02  0.194321919432E+02  0.203333339690E+02
 1444672 -0.874497212352E+02  0.193222522203E+02  0.120000000000E+02
 1444673 -0.874564476220E+02  0.193329517596E+02  0.205000000000E+02
 1444674 -0.874634286236E+02  0.193434267128E+02  0.800000000000E+01
 1444675 -0.874624289261E+02  0.193578186580E+02 -0.500000000000E+00
 1444676 -0.874843944999E+02  0.193906407448E+02  0.422222232820E+01
 1444677 -0.874608553108E+02  0.193784869621E+02  0.466666650770E+01
 1444678 -0.874488710168E+02  0.199817437518E+02  0.212500000000E+03
 1444679 -0.874417823788E+02  0.199651286831E+02  0.209621739700E+03
 1444680 -0.874449797948E+02  0.199970589372E+02  0.300250000000E+03
 1444681 -0.874419555183E+02  0.200144068209E+02  0.351500000000E+03
 1444682 -0.874403078139E+02  0.200302372091E+02  0.369000000000E+03
 1444683 -0.874523897194E+02  0.200455965981E+02  0.280250000000E+03
 1444684 -0.874776382754E+02  0.200635048594E+02  0.952500000000E+02
 1444685 -0.874719235309E+02  0.201016238834E+02  0.851999969480E+02
 1444686 -0.874367926479E+02  0.196191452173E+02  0.300000000000E+00
 1444687 -0.874336201516E+02  0.196069272287E+02  0.300000000000E+00
 1444688 -0.874380260272E+02  0.199003702438E+02  0.132000000000E+03
 1444689 -0.874348052715E+02  0.199127014820E+02 -0.200000000000E+01
 1444690 -0.874312442643E+02  0.198880050460E+02  0.925000000000E+02
 1444691 -0.874505373392E+02  0.198585944786E+02  0.370000000000E+02
 1444692 -0.874544619661E+02  0.198742186028E+02  0.105000000000E+02
 1444693 -0.874423909223E+02  0.198789256394E+02  0.220000000000E+02
 1444694 -0.874211639958E+02  0.199133155645E+02  0.142938316360E+03
 1444695 -0.874300521397E+02  0.199226771372E+02  0.138750000000E+03
 1444696 -0.874283209351E+02  0.199495396528E+02  0.298750000000E+03
 1444697 -0.874228752965E+02  0.199355548377E+02  0.300588006240E+03
 1444698 -0.874824416609E+02  0.197639670033E+02 -0.900000000000E+01
 1444699 -0.874780633753E+02  0.197795544414E+02 -0.700000000000E+01
 1444700 -0.874742459376E+02  0.198231081850E+02 -0.200000000000E+01
 1444701 -0.874568820360E+02  0.198394817459E+02 -0.200000000000E+01
 1444702 -0.874627048063E+02  0.198287104508E+02  0.210000000000E+02
 1444703 -0.874715512619E+02  0.198112232995E+02 -0.160000000000E+02
 1444704 -0.874720218466E+02  0.197971376686E+02 -0.400000000000E+01
 1444705 -0.874479153479E+02  0.198454760687E+02  0.215000000000E+02
 1444706 -0.874392000591E+02  0.198536650976E+02  0.700000000000E+02
 1444707 -0.874879253347E+02  0.197301848676E+02  0.100000000000E+01
 1444708 -0.874787239540E+02  0.197505157505E+02 -0.950000000000E+01
 1444709 -0.874386049801E+02  0.196316133111E+02  0.357500000000E+02
 1444710 -0.874567006751E+02  0.196393749628E+02  0.315000000000E+02
 1444711 -0.874894751778E+02  0.196977516288E+02  0.811111068730E+01
 1444712 -0.874786266622E+02  0.196734521604E+02  0.500000000000E+01
 1444713 -0.874623078415E+02  0.196586639363E+02  0.148333330150E+02
 1444714 -0.870193284855E+02  0.203307861615E+02  0.197500000000E+02
 1450417 -0.875695468767E+02  0.188518319090E+02  0.539388916020E+03
 1450418 -0.876277699666E+02  0.189293392058E+02  0.534583320620E+02
 1450419 -0.875961449353E+02  0.189867212011E+02  0.715714263920E+02
 1450420 -0.875773988223E+02  0.190413326267E+02  0.348125000000E+02
 1450421 -0.870488271548E+02  0.203240178899E+02  0.186888885500E+03
 1450422 -0.870852786853E+02  0.203194851749E+02  0.204444446560E+02
 1450423 -0.870314827311E+02  0.203110473313E+02  0.208250000000E+03
 1450424 -0.870139815744E+02  0.203122173304E+02  0.880000000000E+02
 1450425 -0.870463395192E+02  0.203040696959E+02  0.182000000000E+03
 1450426 -0.874524900058E+02  0.193084486249E+02  0.457500000000E+02
 1450427 -0.874581387723E+02  0.192930119348E+02  0.712500000000E+02
 1450428 -0.875440861602E+02  0.191641481207E+02  0.325833320620E+02
 1450429 -0.875492135852E+02  0.191260211125E+02  0.105466667180E+03
 1450430 -0.875086697158E+02  0.191823496345E+02  0.730000000000E+02
 1450431 -0.874825778610E+02  0.192622573880E+02  0.575000000000E+01
 1450432 -0.874684870134E+02  0.192767523400E+02  0.230000000000E+02
 1450433 -0.874807246476E+02  0.192424463272E+02  0.500000000000E+00
 1450434 -0.874866400092E+02  0.192240568239E+02  0.197500000000E+02
 1450435 -0.874792303354E+02  0.192009983466E+02  0.601666679380E+02
 1450436 -0.874198098190E+02  0.195757180187E+02  0.300000000000E+01
 1450437 -0.874805610754E+02  0.194188801739E+02  0.273333339690E+02
 1450438 -0.874810626738E+02  0.194455727934E+02  0.328750000000E+02
 1450439 -0.874355226592E+02  0.193167353078E+02  0.150000000000E+02
 1450440 -0.874393511506E+02  0.193329495705E+02 -0.250000000000E+01
 1450441 -0.874484760901E+02  0.193469100994E+02 -0.200000000000E+01
 1450442 -0.874420984585E+02  0.193652166042E+02  0.800000000000E+01
 1450443 -0.874569725673E+02  0.194039972801E+02  0.266666660310E+02
 1450444 -0.874363989257E+02  0.193878338478E+02  0.133333330150E+02
 1450445 -0.874407621524E+02  0.195075185717E+02  0.118250000000E+03
 1450446 -0.874343572259E+02  0.195298245172E+02  0.833333358760E+02
 1450447 -0.874295086239E+02  0.195504538287E+02  0.365000000000E+02
 1450448 -0.874210010202E+02  0.195641386673E+02  0.950000000000E+01
 1450449 -0.874546453752E+02  0.201603507066E+02  0.457500000000E+02
 1450450 -0.874312692664E+02  0.199831209033E+02  0.349750000000E+03
 1450451 -0.874180266790E+02  0.199662632842E+02  0.397500000000E+03
 1450452 -0.874253461808E+02  0.200019605485E+02  0.385500000000E+03
 1450453 -0.874229142504E+02  0.200218678302E+02  0.417000000000E+03
 1450454 -0.874261964661E+02  0.200430695845E+02  0.402750000000E+03
 1450455 -0.874344105585E+02  0.200723086692E+02  0.296350006100E+03
 1450456 -0.874162643117E+02  0.201161666690E+02  0.147000000000E+03
 1450457 -0.874162887537E+02  0.195888268297E+02  0.300000000000E+00
 1450458 -0.874257195907E+02  0.196196867324E+02  0.375000000000E+02
 1450459 -0.874205794044E+02  0.196024850798E+02  0.300000000000E+00
 1450460 -0.874252731878E+02  0.199024939245E+02  0.151214400230E+03
 1450461 -0.874378526273E+02  0.198679906746E+02  0.105000000000E+02
 1450462 -0.874264970642E+02  0.198847879232E+02  0.587500000000E+02
 1450463 -0.874072728537E+02  0.199078117701E+02  0.257500000000E+03
 1450464 -0.874122312990E+02  0.199243439786E+02  0.297250386320E+03
 1450465 -0.874052574598E+02  0.199449507358E+02  0.428000000000E+03
 1450466 -0.874671698935E+02  0.197654093150E+02 -0.153333330150E+02
 1450467 -0.874672872202E+02  0.197814783680E+02 -0.152500000000E+02
 1450468 -0.874571236051E+02  0.198186920750E+02  0.235000000000E+02
 1450469 -0.874483051170E+02  0.198317595343E+02  0.225000000000E+02
 1450470 -0.874528336312E+02  0.197996682244E+02 -0.240000000000E+02
 1450471 -0.874275909514E+02  0.198557501566E+02  0.615000000000E+02
 1450472 -0.874321040296E+02  0.198405141097E+02  0.775000000000E+02
 1450473 -0.874681599312E+02  0.197149327805E+02 -0.616666650770E+01
 1450474 -0.874617488703E+02  0.197402243739E+02 -0.800000000000E+01
 1450475 -0.874205239050E+02  0.196378229797E+02  0.102000000000E+03
 1450476 -0.874388158199E+02  0.196501235685E+02  0.550000000000E+02
 1450477 -0.874582399401E+02  0.196892496382E+02 -0.777777767180E+01
 1450478 -0.874399743935E+02  0.196705709902E+02  0.110000000000E+02
 1450479 -0.871175504364E+02  0.203259785124E+02  0.163777771000E+03
 1450480 -0.871001243403E+02  0.203456065678E+02  0.485000000000E+02
 1450481 -0.870689204053E+02  0.203498436530E+02  0.386666679380E+02
 1450482 -0.874224513530E+02  0.202245729862E+02  0.884126949310E+01
 1450483 -0.870263343031E+02  0.203515685410E+02  0.954499969480E+02
 1456127 -0.874766572078E+02  0.188375474684E+02  0.747861083980E+03
 1456128 -0.875273931706E+02  0.189327332817E+02  0.700477783200E+03
 1456129 -0.875341755105E+02  0.190160305566E+02  0.443690490720E+03
 1456130 -0.875538455528E+02  0.190823507903E+02  0.132500000000E+03
 1456131 -0.870641059545E+02  0.203013246715E+02  0.656666641240E+02
 1456132 -0.871123505567E+02  0.202970611007E+02  0.124000000000E+03
 1456133 -0.870850719492E+02  0.202925638289E+02  0.105000000000E+02
 1456134 -0.870365534627E+02  0.202951708639E+02  0.214000000000E+03
 1456135 -0.870238661897E+02  0.203000220465E+02  0.203000000000E+03
 1456136 -0.870507282928E+02  0.202887877227E+02  0.112000000000E+03
 1456137 -0.874367901387E+02  0.192983291671E+02  0.401666679380E+02
 1456138 -0.874428133151E+02  0.192781068101E+02  0.193333339690E+02
 1456139 -0.874159458879E+02  0.193086815195E+02  0.270000000000E+02
 1456140 -0.875063268465E+02  0.191426508854E+02  0.197250000000E+03
 1456141 -0.875109208343E+02  0.191048840260E+02  0.410200012210E+03
 1456142 -0.874687108745E+02  0.191652739543E+02  0.131000000000E+03
 1456143 -0.874540280183E+02  0.192536475563E+02  0.151666669850E+02
 1456144 -0.874603477127E+02  0.192243328637E+02  0.591111106870E+02
 1456145 -0.874418234437E+02  0.191951200200E+02  0.609375000000E+02
 1456146 -0.874066584100E+02  0.195835681328E+02  0.250000000000E+01
 1456147 -0.874038111456E+02  0.195710511210E+02  0.800000000000E+01
 1456148 -0.874515877255E+02  0.194340497150E+02  0.254833328250E+03
 1456149 -0.874476932466E+02  0.194722401405E+02  0.205833328250E+03
 1456150 -0.874223165675E+02  0.194833252880E+02  0.449911060640E+03
 1456151 -0.874188375370E+02  0.193297507445E+02  0.775000000000E+01
 1456152 -0.874271017600E+02  0.193490972913E+02  0.100000000000E+01
 1456153 -0.873985861788E+02  0.193224368146E+02  0.695000000000E+02
 1456154 -0.874173297383E+02  0.193711527664E+02  0.175000000000E+02
 1456155 -0.874280378666E+02  0.194140922370E+02  0.293833343510E+03
 1456156 -0.874130996126E+02  0.193940572368E+02  0.154250000000E+03
 1456157 -0.874136874738E+02  0.195070233529E+02  0.402397147740E+03
 1456158 -0.874071173729E+02  0.195314836325E+02  0.238500000000E+03
 1456159 -0.874035643756E+02  0.195534117042E+02  0.305000000000E+02
 1456160 -0.871345414752E+02  0.202669542764E+02  0.353500000000E+03
 1456161 -0.872782632410E+02  0.202772423675E+02  0.175775512700E+03
 1456162 -0.873839347727E+02  0.201663962169E+02  0.372653045650E+02
 1456163 -0.873360268131E+02  0.202272753395E+02  0.369523811340E+02
 1456164 -0.874086095484E+02  0.199865702153E+02  0.428000000000E+03
 1456165 -0.873929204855E+02  0.199682695150E+02  0.431250000000E+03
 1456166 -0.874023487063E+02  0.200087385841E+02  0.426500000000E+03
 1456167 -0.874013308173E+02  0.200327942341E+02  0.421166656490E+03
 1456168 -0.874058256372E+02  0.200556129662E+02  0.330500000000E+03
 1456169 -0.873906359689E+02  0.200805861239E+02  0.161937500000E+03
 1456170 -0.873620356638E+02  0.201157344139E+02  0.252000007630E+02
 1456171 -0.874032411191E+02  0.195975884729E+02 -0.225000000000E+01
 1456172 -0.874041964554E+02  0.196201265775E+02  0.477500000000E+02
 1456173 -0.874010234593E+02  0.196426924581E+02  0.260250000000E+03
 1456174 -0.874093177344E+02  0.198889864526E+02  0.106000000000E+03
 1456175 -0.874150974050E+02  0.198682226081E+02  0.357500000000E+02
 1456176 -0.873888848570E+02  0.198959768744E+02  0.161250000000E+03
 1456177 -0.873867660484E+02  0.199217538264E+02  0.394500000000E+03
 1456178 -0.873756614752E+02  0.199489300556E+02  0.257222229000E+03
 1456179 -0.874496978205E+02  0.197617908607E+02 -0.225000000000E+02
 1456180 -0.874433421991E+02  0.197795071879E+02 -0.300000000000E+02
 1456181 -0.874331008767E+02  0.198176827557E+02  0.423333320620E+02
 1456182 -0.874254084091E+02  0.197919562164E+02  0.375000000000E+02
 1456183 -0.874137006361E+02  0.198483582932E+02  0.512500000000E+02
 1456184 -0.874149152193E+02  0.198309068617E+02  0.717500000000E+02
 1456185 -0.874434103329E+02  0.197172533941E+02 -0.366666674610E+01
 1456186 -0.874371548254E+02  0.197414836490E+02 -0.166666660310E+02
 1456187 -0.874147831243E+02  0.196626952308E+02  0.190777771000E+03
 1456188 -0.874257252417E+02  0.196921225770E+02  0.142222223280E+02
 1456189 -0.871564263703E+02  0.203114603311E+02  0.327361114500E+03
 1456190 -0.872182357183E+02  0.203022084157E+02  0.387866668700E+03
 1456191 -0.871335722293E+02  0.203562793872E+02  0.241050003050E+03
 1456192 -0.870952999449E+02  0.203764461116E+02  0.797500000000E+02
 1456193 -0.870576580035E+02  0.203819376330E+02  0.103312500000E+03
 1456194 -0.873535245566E+02  0.203301771372E+02  0.127613639830E+02
 1456195 -0.872677238068E+02  0.203418468314E+02  0.649722213750E+02
 1456196 -0.870200979482E+02  0.204136820897E+02  0.322400016780E+02
 1461760 -0.873820583442E+02  0.188388601370E+02  0.411040802000E+03
 1461761 -0.874260453941E+02  0.189147860687E+02  0.934944458010E+03
 1461762 -0.874614123035E+02  0.189928765624E+02  0.938714294430E+03
 1461763 -0.874888582787E+02  0.190601688775E+02  0.761500000000E+03
 1461764 -0.870683901254E+02  0.202790237168E+02  0.172500000000E+02
 1461765 -0.870952344241E+02  0.202659244805E+02  0.138888885500E+03
 1461766 -0.871150272244E+02  0.202398880010E+02  0.462444458010E+03
 1461767 -0.870393766240E+02  0.202820610505E+02  0.145000000000E+03
 1461768 -0.870275274195E+02  0.202850373368E+02  0.181000000000E+03
 1461769 -0.870158812855E+02  0.202877520112E+02  0.224038990650E+03
 1461770 -0.870095928631E+02  0.202956284579E+02  0.114500000000E+03
 1461771 -0.870496040712E+02  0.202710763375E+02 -0.200000000000E+01
 1461772 -0.874158301920E+02  0.192849908057E+02  0.123666664120E+03
 1461773 -0.874236057559E+02  0.192619090568E+02  0.643333358760E+02
 1461774 -0.873901086217E+02  0.192998462771E+02  0.315716979190E+03
 1461775 -0.874563599087E+02  0.191132284644E+02  0.671666687010E+03
 1461776 -0.874198549971E+02  0.191572963751E+02  0.262880004880E+03
 1461777 -0.874196398220E+02  0.192297281083E+02  0.103875000000E+03
 1461778 -0.874031569203E+02  0.191930904722E+02 -0.109166669850E+02
 1461779 -0.873901412128E+02  0.195846562215E+02  0.122500000000E+02
 1461780 -0.873816920359E+02  0.195648139812E+02  0.622222213750E+02
 1461781 -0.874151989234E+02  0.194495156649E+02  0.630467572950E+03
 1461782 -0.873942410414E+02  0.194803287101E+02  0.703777771000E+03
 1461783 -0.873965175854E+02  0.193486039631E+02  0.588888893130E+02
 1461784 -0.873715212622E+02  0.193253015686E+02  0.355594742000E+03
 1461785 -0.873887620874E+02  0.193821076551E+02  0.231083328250E+03
 1461786 -0.873949694451E+02  0.194150996776E+02  0.456088994720E+03
 1461787 -0.873833304829E+02  0.195096593980E+02  0.492555541990E+03
 1461788 -0.873782560552E+02  0.195385289942E+02  0.266333343510E+03
 1461789 -0.873633662292E+02  0.194849746708E+02  0.705444458010E+03
 1461790 -0.871805891669E+02  0.202604174840E+02  0.485049987790E+03
 1461791 -0.872282667152E+02  0.202509603383E+02  0.426049987790E+03
 1461792 -0.871476211085E+02  0.202269742611E+02  0.613666687010E+03
 1461793 -0.872658018358E+02  0.202109861430E+02  0.302972229000E+03
 1461794 -0.873121851195E+02  0.201542771864E+02  0.126204078670E+03
 1461795 -0.873817459726E+02  0.199910684565E+02  0.437111114500E+03
 1461796 -0.873682217780E+02  0.199718343425E+02  0.340250000000E+03
 1461797 -0.873741454685E+02  0.200181702202E+02  0.462333343510E+03
 1461798 -0.873765543750E+02  0.200493062192E+02  0.327250000000E+03
 1461799 -0.873487252675E+02  0.200743878060E+02  0.173875000000E+03
 1461800 -0.873204685423E+02  0.201025924809E+02  0.136833328250E+03
 1461801 -0.873889085806E+02  0.196580751797E+02  0.432000000000E+03
 1461802 -0.873815824781E+02  0.196058679963E+02  0.347500000000E+02
 1461803 -0.873767052313E+02  0.196347423230E+02  0.285500000000E+03
 1461804 -0.873928810384E+02  0.198746256151E+02 -0.725000000000E+01
 1461805 -0.873978417828E+02  0.198570591417E+02 -0.115000000000E+02
 1461806 -0.873732690452E+02  0.198811163027E+02  0.245000000000E+02
 1461807 -0.873638024219E+02  0.199015672793E+02  0.272791180920E+03
 1461808 -0.873542519718E+02  0.199286960908E+02  0.416833343510E+03
 1461809 -0.873465511079E+02  0.199580758234E+02  0.245166671750E+03
 1461810 -0.874214839145E+02  0.197626422702E+02  0.270000000000E+02
 1461811 -0.874006737074E+02  0.197819545917E+02  0.272333343510E+03
 1461812 -0.874010161255E+02  0.198102822687E+02  0.215666671750E+03
 1461813 -0.873946544285E+02  0.198376968811E+02  0.566666679380E+02
 1461814 -0.874094331889E+02  0.197255073462E+02  0.233333339690E+02
 1461815 -0.873885104703E+02  0.196874588624E+02  0.324750000000E+03
 1461816 -0.869865625331E+02  0.204636622889E+02  0.421500015260E+02
 1461817 -0.869634217511E+02  0.205001311706E+02  0.126250000000E+03
 1461818 -0.871981450094E+02  0.203713231417E+02  0.291666656490E+03
 1461819 -0.871338872748E+02  0.204068616587E+02  0.326523803710E+03
 1461820 -0.870776374162E+02  0.204181477699E+02  0.208479995730E+03
 1461821 -0.872904505087E+02  0.204282830947E+02  0.838000011440E+01
 1461822 -0.870469314339E+02  0.204633078583E+02  0.648399963380E+02
 1467283 -0.873331854340E+02  0.189048012386E+02  0.896156250000E+03
 1467284 -0.873755659045E+02  0.189818977242E+02  0.850178588870E+03
 1467285 -0.874164355623E+02  0.190516428654E+02  0.545095214840E+03
 1467286 -0.870655960607E+02  0.202544652600E+02  0.348333320620E+02
 1467287 -0.871120755374E+02  0.202080718070E+02  0.667666687010E+03
 1467288 -0.870856635770E+02  0.202315151799E+02  0.365285477810E+03
 1467289 -0.870324698736E+02  0.202702329913E+02  0.450000000000E+02
 1467290 -0.870170170813E+02  0.202749850576E+02  0.185000000000E+03
 1467291 -0.870014028736E+02  0.202830871570E+02  0.111750000000E+03
 1467292 -0.870410634508E+02  0.202518872835E+02  0.523333320620E+02
 1467293 -0.873857174324E+02  0.192630720038E+02  0.384299987790E+03
 1467294 -0.873530507772E+02  0.192945949506E+02  0.709430054470E+03
 1467295 -0.873834119673E+02  0.191106822669E+02  0.907983963990E+03
 1467296 -0.873656668680E+02  0.191663830726E+02  0.493722704150E+03
 1467297 -0.873687994709E+02  0.192169247849E+02  0.953199996950E+02
 1467298 -0.873638620879E+02  0.195850476246E+02  0.245666671750E+03
 1467299 -0.873505173385E+02  0.195561882221E+02  0.376777771000E+03
 1467300 -0.873373798761E+02  0.193259465051E+02  0.714311530300E+03
 1467301 -0.873675465712E+02  0.194474738861E+02  0.917343478450E+03
 1467302 -0.873534845339E+02  0.193603809013E+02  0.529487967700E+03
 1467303 -0.873571716093E+02  0.194033513856E+02  0.638462165640E+03
 1467304 -0.873433147252E+02  0.195156170272E+02  0.607500000000E+03
 1467305 -0.873283983250E+02  0.194717943326E+02  0.107631250000E+04
 1467306 -0.871984436141E+02  0.202039472812E+02  0.479799987790E+03
 1467307 -0.871450496328E+02  0.201825667170E+02  0.605599975590E+03
 1467308 -0.872416255120E+02  0.201522143450E+02  0.320266662600E+03
 1467309 -0.872754026968E+02  0.201047413653E+02  0.292799987790E+03
 1467310 -0.873442298488E+02  0.199928278620E+02  0.535099975590E+03
 1467311 -0.873386630909E+02  0.200342859651E+02  0.458350006100E+03
 1467312 -0.873039939640E+02  0.200638216332E+02  0.326399993900E+03
 1467313 -0.873159519023E+02  0.199691581769E+02  0.588273532560E+03
 1467314 -0.873635206179E+02  0.196627870240E+02  0.626923341870E+03
 1467315 -0.873513487621E+02  0.196130467582E+02  0.361706870840E+03
 1467316 -0.873463562656E+02  0.196406002675E+02  0.610306427950E+03
 1467317 -0.873728754062E+02  0.198563923111E+02 -0.414444427490E+02
 1467318 -0.873479015027E+02  0.198770194338E+02  0.106111114500E+03
 1467319 -0.873317411062E+02  0.199048411475E+02  0.409333343510E+03
 1467320 -0.873209896714E+02  0.199370084125E+02  0.496666656490E+03
 1467321 -0.873846772511E+02  0.197562960393E+02  0.215500000000E+03
 1467322 -0.873707828369E+02  0.197885961640E+02  0.429556579970E+03
 1467323 -0.873675774009E+02  0.198231824101E+02  0.430833320620E+02
 1467324 -0.873650702861E+02  0.197212946312E+02  0.250687500000E+03
 1467325 -0.873521322525E+02  0.196897300480E+02  0.548666687010E+03
 1467326 -0.869147531403E+02  0.205586377556E+02  0.565000000000E+02
 1467327 -0.869333518851E+02  0.205457775335E+02  0.295000000000E+02
 1467328 -0.869439072322E+02  0.205250362565E+02  0.109555557250E+03
 1467329 -0.869829698863E+02  0.205341761411E+02  0.269562500000E+03
 1467330 -0.870134205482E+02  0.205035897033E+02  0.114559997560E+03
 1467331 -0.871867191573E+02  0.204523222735E+02  0.874464263920E+02
 1467332 -0.871119498918E+02  0.204666512680E+02  0.289224487300E+03
 1467333 -0.872312784563E+02  0.204956604601E+02  0.141666669850E+02
 1467334 -0.870719202661E+02  0.205141140302E+02  0.201685714720E+03
 1472702 -0.868538789811E+02  0.212679815925E+02  0.115500000000E+03
 1472703 -0.868471260399E+02  0.212567732126E+02  0.109500000000E+03
 1472704 -0.868318380723E+02  0.212630933755E+02  0.142988698030E+03
 1472802 -0.872321279610E+02  0.188878391704E+02  0.105406665040E+04
 1472803 -0.872833117215E+02  0.189762763130E+02  0.106439685060E+04
 1472804 -0.873330050115E+02  0.190510032971E+02  0.102160711670E+04
 1472805 -0.871066641822E+02  0.201741097140E+02  0.674444458010E+03
 1472806 -0.870536207155E+02  0.202273645616E+02  0.290833343510E+03
 1472807 -0.870724274998E+02  0.201933769691E+02  0.490437500000E+03
 1472808 -0.870202305949E+02  0.202563508821E+02  0.120750000000E+03
 1472809 -0.870045904408E+02  0.202674499673E+02  0.113000000000E+03
 1472810 -0.870248593888E+02  0.202318336688E+02  0.228500000000E+03
 1472811 -0.873289873868E+02  0.192535100430E+02  0.679238672670E+03
 1472812 -0.873045900840E+02  0.192998933058E+02  0.112856665040E+04
 1472813 -0.873091494560E+02  0.191245395268E+02  0.123196826170E+04
 1472814 -0.873096283962E+02  0.191957650098E+02  0.760452164040E+03
 1472815 -0.873278907001E+02  0.195857125683E+02  0.606250000000E+03
 1472816 -0.873080884268E+02  0.195474091372E+02  0.811062500000E+03
 1472817 -0.873042527235E+02  0.193495617990E+02  0.104263330080E+04
 1472818 -0.873194804253E+02  0.194272527612E+02  0.111531050800E+04
 1472819 -0.873187865931E+02  0.193877934325E+02  0.100477164270E+04
 1472820 -0.872912462192E+02  0.195007644354E+02  0.112196667480E+04
 1472821 -0.872854357798E+02  0.194546832148E+02  0.137431994630E+04
 1472822 -0.872517315802E+02  0.193249363342E+02  0.122256665040E+04
 1472823 -0.871801513278E+02  0.201435116802E+02  0.429444458010E+03
 1472824 -0.871253420265E+02  0.201387855583E+02  0.594960021970E+03
 1472825 -0.872177684781E+02  0.200958224142E+02  0.386250000000E+03
 1472826 -0.872563745649E+02  0.200597201320E+02  0.386950012210E+03
 1472827 -0.872843296214E+02  0.200072020498E+02  0.549857116700E+03
 1472828 -0.872836592618E+02  0.199506767367E+02  0.669700012210E+03
 1472829 -0.873285109071E+02  0.196661154631E+02  0.727250000000E+03
 1472830 -0.873116958097E+02  0.196263097693E+02  0.726500000000E+03
 1472831 -0.873360026448E+02  0.198440463934E+02  0.161125000000E+03
 1472832 -0.873097183916E+02  0.198741531689E+02  0.507115901970E+03
 1472833 -0.872937826780E+02  0.199106024995E+02  0.681562500000E+03
 1472834 -0.873406195730E+02  0.197577812323E+02  0.424375000000E+03
 1472835 -0.873301329633E+02  0.198020804421E+02  0.500212423180E+03
 1472836 -0.873150489810E+02  0.197109942593E+02  0.547333312990E+03
 1472837 -0.868777185292E+02  0.205461291939E+02 -0.300000000000E+01
 1472838 -0.868820937118E+02  0.205563024083E+02 -0.500000000000E+01
 1472839 -0.868878968177E+02  0.205652311347E+02 -0.100000000000E+01
 1472840 -0.868991805788E+02  0.205675115658E+02 -0.300000000000E+01
 1472841 -0.869136799130E+02  0.205745098277E+02  0.170013470560E+03
 1472842 -0.869323743220E+02  0.205700926900E+02  0.217250000000E+03
 1472843 -0.869564642612E+02  0.205569472835E+02  0.209444442750E+03
 1472844 -0.869918881066E+02  0.205732057017E+02  0.173125000000E+02
 1472845 -0.870287174188E+02  0.205461467310E+02  0.108312500000E+03
 1472846 -0.871546038024E+02  0.205451540175E+02  0.244874992370E+02
 1472847 -0.870758985015E+02  0.205598346031E+02  0.751500015260E+02
 1478181 -0.868593687778E+02  0.212855173049E+02  0.160000000000E+03
 1478182 -0.868470600667E+02  0.212810231263E+02  0.116801643100E+03
 1478183 -0.868382872118E+02  0.212744455820E+02 -0.400000000000E+01
 1478266 -0.871290757087E+02  0.189095347346E+02  0.132875000000E+04
 1478267 -0.871958305606E+02  0.189711353619E+02  0.119047216800E+04
 1478268 -0.872301554574E+02  0.190609810861E+02  0.120343432620E+04
 1478269 -0.870784262146E+02  0.201477475186E+02  0.642062500000E+03
 1478270 -0.870321143162E+02  0.202011090082E+02  0.337111114500E+03
 1478271 -0.870384279552E+02  0.201637209946E+02  0.542833312990E+03
 1478272 -0.870013833344E+02  0.202417163241E+02  0.208750000000E+03
 1478273 -0.869833804823E+02  0.202531682571E+02  0.235750000000E+03
 1478274 -0.869829233070E+02  0.202732005337E+02  0.129166671750E+03
 1478275 -0.870007439208E+02  0.202125739532E+02  0.382111114500E+03
 1478276 -0.872521381600E+02  0.192508102029E+02  0.128087304690E+04
 1478277 -0.872330290356E+02  0.191624224286E+02  0.134823608400E+04
 1478278 -0.872818317753E+02  0.195862738987E+02  0.852500000000E+03
 1478279 -0.872537298024E+02  0.195398986711E+02  0.125768005370E+04
 1478280 -0.872595436735E+02  0.193984203154E+02  0.136075000000E+04
 1478281 -0.872285102558E+02  0.194751842297E+02  0.142733923340E+04
 1478282 -0.871921783555E+02  0.192971507222E+02  0.139580554200E+04
 1478283 -0.871976864850E+02  0.193537816601E+02  0.136134289550E+04
 1478284 -0.872555154237E+02  0.199199765869E+02  0.730500000000E+03
 1478285 -0.871526787031E+02  0.200877337653E+02  0.512714294430E+03
 1478286 -0.870890820986E+02  0.200970439549E+02  0.744722229000E+03
 1478287 -0.872003780642E+02  0.200270131974E+02  0.460142852780E+03
 1478288 -0.872313862744E+02  0.199601126948E+02  0.517527771000E+03
 1478289 -0.872823115156E+02  0.196662714108E+02  0.810200012210E+03
 1478290 -0.872636207423E+02  0.196261480181E+02  0.995700012210E+03
 1478291 -0.872878102043E+02  0.198314505946E+02  0.684882496080E+03
 1478292 -0.872610722135E+02  0.198769589448E+02  0.865760009770E+03
 1478293 -0.872780051197E+02  0.197674258580E+02  0.686041687010E+03
 1478294 -0.872586932132E+02  0.197083411715E+02  0.662099975590E+03
 1478295 -0.868700673858E+02  0.205546707022E+02 -0.300000000000E+01
 1478296 -0.868646418484E+02  0.205424576997E+02 -0.100000000000E+01
 1478297 -0.868758149677E+02  0.205657755111E+02  0.500000000000E+01
 1478298 -0.868850825003E+02  0.205759925628E+02  0.400000000000E+01
 1478299 -0.869003889261E+02  0.205850187652E+02  0.144250000000E+03
 1478300 -0.869217025976E+02  0.205912883620E+02  0.248833328250E+03
 1478301 -0.869542941349E+02  0.205933953780E+02  0.953333358760E+02
 1478302 -0.869926757342E+02  0.206166084705E+02  0.811500015260E+02
 1478303 -0.870362072040E+02  0.205919602063E+02  0.665599975590E+02
 1478304 -0.870880438159E+02  0.206017980307E+02  0.623199996950E+02
 1483561 -0.868602210362E+02  0.212977902425E+02  0.105000000000E+03
 1483562 -0.868465734760E+02  0.212913748789E+02  0.196470073030E+03
 1483563 -0.868371918867E+02  0.212857962732E+02  0.110000000000E+03
 1483621 -0.859701595640E+02  0.180051158154E+02  0.342660571290E+04
 1483622 -0.857316899367E+02  0.181959365880E+02  0.382528051760E+04
 1483624 -0.862320402040E+02  0.181875708572E+02  0.432841845700E+04
 1483625 -0.864720768842E+02  0.183433663185E+02  0.433577636720E+04
 1483629 -0.870167495742E+02  0.189167081254E+02  0.182122497560E+04
 1483630 -0.871044819546E+02  0.190210455055E+02  0.115556945800E+04
 1483631 -0.871522804622E+02  0.191204451695E+02  0.120573437500E+04
 1483632 -0.870386135254E+02  0.201194479204E+02  0.781650024410E+03
 1483633 -0.870026064174E+02  0.201777839019E+02  0.608000000000E+03
 1483634 -0.870063797580E+02  0.201428606495E+02  0.765937500000E+03
 1483635 -0.869744951786E+02  0.202289212164E+02  0.513444458010E+03
 1483636 -0.869627983047E+02  0.202872140710E+02  0.168533340450E+03
 1483637 -0.869535101506E+02  0.202545532441E+02  0.499892098800E+03
 1483638 -0.869690048895E+02  0.201940795995E+02  0.772406232450E+03
 1483639 -0.871448222816E+02  0.192219935766E+02  0.138528332520E+04
 1483640 -0.872259651706E+02  0.195921652284E+02  0.116280554200E+04
 1483641 -0.871867369664E+02  0.195375950973E+02  0.129557141110E+04
 1483642 -0.871704655454E+02  0.194141690913E+02  0.155760717770E+04
 1483643 -0.871524138040E+02  0.194807587824E+02  0.145840478520E+04
 1483644 -0.871145132704E+02  0.193342318373E+02  0.153865454100E+04
 1483645 -0.870360818988E+02  0.200643231805E+02  0.973599975590E+03
 1483646 -0.872076766905E+02  0.199015320586E+02  0.804476196290E+03
 1483647 -0.871033502231E+02  0.200242257866E+02  0.776281250000E+03
 1483648 -0.871567585846E+02  0.199542755394E+02  0.600196411130E+03
 1483649 -0.872162994401E+02  0.196597197835E+02  0.113035412600E+04
 1483650 -0.872119298931E+02  0.198240387602E+02  0.981944458010E+03
 1483651 -0.872018010098E+02  0.197372945459E+02  0.920535705570E+03
 1483652 -0.869196856201E+02  0.203262230624E+02  0.215899993900E+03
 1483653 -0.868637724687E+02  0.205639619360E+02  0.400000000000E+01
 1483654 -0.868563627890E+02  0.205533974643E+02 -0.300000000000E+01
 1483655 -0.868659769220E+02  0.205784943224E+02  0.825000000000E+01
 1483656 -0.868812367895E+02  0.205939240776E+02  0.180000000000E+02
 1483657 -0.869014511771E+02  0.206068861952E+02  0.273320362070E+03
 1483658 -0.869280271128E+02  0.206178273158E+02  0.294444458010E+03
 1483659 -0.869569268098E+02  0.206277978225E+02  0.721111145020E+02
 1483660 -0.869767185029E+02  0.206591240141E+02  0.167875000000E+03
 1483661 -0.870400196472E+02  0.206541677006E+02  0.676666641240E+02
 1488846 -0.868638326990E+02  0.213106404307E+02  0.235000000000E+02
 1488847 -0.868445463792E+02  0.213030785412E+02  0.645000000000E+02
 1488848 -0.868310527091E+02  0.212950437851E+02  0.350000000000E+02
 1488849 -0.868564088446E+02  0.213269923864E+02  0.446666679380E+02
 1488898 -0.855564018261E+02  0.183393166934E+02  0.389144726560E+04
 1488899 -0.852953145337E+02  0.183669452171E+02  0.367698217770E+04
 1488900 -0.857595289460E+02  0.184438238340E+02  0.443956982420E+04
 1488901 -0.859858975250E+02  0.183084822712E+02  0.444703076170E+04
 1488903 -0.862254221732E+02  0.184457329536E+02  0.444121093750E+04
 1488904 -0.864122623043E+02  0.185502936104E+02  0.441101220700E+04
 1488907 -0.868722333423E+02  0.189085989466E+02  0.276500547640E+04
 1488908 -0.869583683371E+02  0.190327308107E+02  0.111222436520E+04
 1488909 -0.870489135820E+02  0.191357832505E+02  0.104982641600E+04
 1488910 -0.869832832274E+02  0.201009912244E+02  0.105366662600E+04
 1488911 -0.869689676644E+02  0.201523592062E+02  0.951700012210E+03
 1488912 -0.869389482939E+02  0.202174359204E+02  0.906152064420E+03
 1488913 -0.869166940770E+02  0.202790708900E+02  0.578000000000E+03
 1488914 -0.869153314109E+02  0.202428618202E+02  0.919333072780E+03
 1488915 -0.869282678619E+02  0.201754033990E+02  0.106787500000E+04
 1488916 -0.870207031056E+02  0.192531114252E+02  0.152193945310E+04
 1488917 -0.871535722973E+02  0.196033559016E+02  0.126632141110E+04
 1488918 -0.871062304685E+02  0.195342077706E+02  0.142592187500E+04
 1488919 -0.870701257838E+02  0.194426377230E+02  0.166102722170E+04
 1488920 -0.870056113361E+02  0.193567786627E+02  0.169765002440E+04
 1488921 -0.869820526070E+02  0.200439790013E+02  0.110940002440E+04
 1488922 -0.870201097110E+02  0.200002511950E+02  0.103261230470E+04
 1488923 -0.871293977538E+02  0.198738298253E+02  0.990599975590E+03
 1488924 -0.870683625015E+02  0.199389396738E+02  0.951125000000E+03
 1488925 -0.871281321322E+02  0.196844622081E+02  0.122312500000E+04
 1488926 -0.871177462602E+02  0.197797794944E+02  0.111412219240E+04
 1488927 -0.868744147144E+02  0.203091203394E+02  0.608000000000E+03
 1488928 -0.868846780539E+02  0.203661071263E+02  0.183800003050E+03
 1488929 -0.868506402790E+02  0.205674716802E+02  0.400000000000E+01
 1488930 -0.868416073283E+02  0.205544789852E+02 -0.300000000000E+01
 1488931 -0.868472524814E+02  0.205828783161E+02  0.850000000000E+01
 1488932 -0.868580389675E+02  0.205994561727E+02  0.875000000000E+01
 1488933 -0.868764822439E+02  0.206176964472E+02  0.665000000000E+02
 1488934 -0.869008693930E+02  0.206355622034E+02  0.360777771000E+03
 1488935 -0.869329185641E+02  0.206520339338E+02  0.281000000000E+03
 1488936 -0.868727483227E+02  0.206439565094E+02  0.219444442750E+03
 1488937 -0.869413806294E+02  0.206969194280E+02  0.170649993900E+03
 1488938 -0.869963896325E+02  0.207072167293E+02  0.640333328250E+02
 1488939 -0.868127763776E+02  0.210251331739E+02  0.200000000000E+01
 1488940 -0.868208043165E+02  0.210094691973E+02  0.187500000000E+02
 1488941 -0.868000596923E+02  0.210329132597E+02 -0.150000000000E+01
 1494017 -0.867923269635E+02  0.211558730746E+02 -0.175000000000E+01
 1494018 -0.868043043145E+02  0.211810115741E+02 -0.100000000000E+01
 1494019 -0.867705522124E+02  0.211478225288E+02  0.150000000000E+01
 1494020 -0.867549736922E+02  0.211437688215E+02 -0.200000000000E+01
 1494021 -0.868041558104E+02  0.212101459615E+02 -0.100000000000E+01
 1494022 -0.868021399095E+02  0.212298995512E+02 -0.200000000000E+01
 1494023 -0.868404499651E+02  0.213176503103E+02 -0.225000000000E+02
 1494024 -0.868251483900E+02  0.213059716000E+02 -0.727500000000E+02
 1494025 -0.868092569259E+02  0.212569238494E+02  0.300000000000E+00
 1494026 -0.868718223228E+02  0.213477305668E+02  0.545555572510E+02
 1494027 -0.868492213476E+02  0.213481715305E+02  0.585000000000E+02
 1494028 -0.868349425401E+02  0.213364706541E+02 -0.132500000000E+02
 1494076 -0.855280248587E+02  0.185525780765E+02  0.453688085940E+04
 1494077 -0.852808451673E+02  0.186624701610E+02  0.441314794920E+04
 1494078 -0.857586152031E+02  0.186939157955E+02  0.455936572270E+04
 1494079 -0.859965443262E+02  0.185727135791E+02  0.453076562500E+04
 1494080 -0.865131153983E+02  0.187136249294E+02  0.445460107420E+04
 1494081 -0.862537117955E+02  0.187119710851E+02  0.449041357420E+04
 1494082 -0.866764065356E+02  0.188785616631E+02  0.438411279300E+04
 1494083 -0.867950062184E+02  0.190488760207E+02  0.284063425860E+04
 1494084 -0.869128253508E+02  0.191653730155E+02  0.157545129390E+04
 1494085 -0.869266233059E+02  0.200609321499E+02  0.115647619630E+04
 1494086 -0.869242638325E+02  0.201230364631E+02  0.112563330080E+04
 1494087 -0.868930802717E+02  0.202087962433E+02  0.111312500000E+04
 1494088 -0.868744242614E+02  0.202544528030E+02  0.108911999510E+04
 1494089 -0.868753422195E+02  0.201567129616E+02  0.115761108400E+04
 1494090 -0.868975328125E+02  0.193045082086E+02  0.190456115720E+04
 1494091 -0.870580696058E+02  0.196119853218E+02  0.133271606450E+04
 1494092 -0.870164643539E+02  0.195289137974E+02  0.144822216800E+04
 1494093 -0.869251817083E+02  0.194494041195E+02  0.181686669920E+04
 1494094 -0.869441648919E+02  0.199933972566E+02  0.117159375000E+04
 1494095 -0.869866461440E+02  0.199366422713E+02  0.114495922850E+04
 1494096 -0.870139125926E+02  0.198444134254E+02  0.115483923340E+04
 1494097 -0.870213041800E+02  0.197146382013E+02  0.117401403810E+04
 1494098 -0.868208575121E+02  0.202809569699E+02  0.102359521480E+04
 1494099 -0.868301487620E+02  0.203479111848E+02  0.445472229000E+03
 1494100 -0.868475049155E+02  0.204164359648E+02  0.107971427920E+03
 1494101 -0.868232484238E+02  0.205492166809E+02  0.300000000000E+00
 1494102 -0.868288696846E+02  0.205716190572E+02  0.425000000000E+01
 1494103 -0.868327365541E+02  0.205973503480E+02  0.800000000000E+01
 1494104 -0.868445488139E+02  0.206263935251E+02  0.413333320620E+02
 1494105 -0.868935889371E+02  0.206749728191E+02  0.319937500000E+03
 1494106 -0.868482522256E+02  0.206651575520E+02  0.308833343510E+03
 1494107 -0.869021290472E+02  0.207219082697E+02  0.245000000000E+03
 1494108 -0.869465390928E+02  0.207662608020E+02  0.545714302060E+02
 1494109 -0.867646459960E+02  0.211219999424E+02  0.200000000000E+01
 1494110 -0.867606288003E+02  0.211342444776E+02  0.300000000000E+00
 1494111 -0.868017504137E+02  0.210162420703E+02  0.600000000000E+01
 1494112 -0.868280367589E+02  0.209886008223E+02  0.471666679380E+02
 1494113 -0.868331423865E+02  0.209595349351E+02  0.215000000000E+02
 1494114 -0.868038430056E+02  0.209960507227E+02  0.307500000000E+02
 1494115 -0.867877247802E+02  0.210275663201E+02  0.500000000000E+00
 1494116 -0.867674331128E+02  0.210877687319E+02  0.375000000000E+01
 1494117 -0.867599852526E+02  0.211069635280E+02  0.450000000000E+01
 1494118 -0.868428986673E+02  0.214103908037E+02  0.102000000000E+03
 1494119 -0.868611958815E+02  0.213963230006E+02  0.113500000000E+03
 1494120 -0.868813441713E+02  0.213768457557E+02  0.560000000000E+02
 1494121 -0.868453795831E+02  0.214274859090E+02  0.940000000000E+02
 1494122 -0.868160780182E+02  0.214825840538E+02  0.387500000000E+02
 1494123 -0.868243260848E+02  0.214708841067E+02  0.490000000000E+02
 1499122 -0.867477581014E+02  0.211358611799E+02 -0.300000000000E+01
 1499123 -0.867434121482E+02  0.211485037202E+02  0.950000000000E+01
 1499124 -0.867753235840E+02  0.211727893215E+02  0.516666650770E+01
 1499125 -0.867796934230E+02  0.211991447989E+02  0.425000000000E+01
 1499126 -0.867520947347E+02  0.211628506184E+02  0.650000000000E+01
 1499127 -0.867599251501E+02  0.212150497753E+02  0.433333349230E+01
 1499128 -0.867814818233E+02  0.212258388265E+02  0.366666674610E+01
 1499129 -0.867418583465E+02  0.212304627997E+02  0.750000000000E+00
 1499130 -0.867900631805E+02  0.212467262979E+02  0.275000000000E+01
 1499131 -0.867343474856E+02  0.211608844593E+02  0.700000000000E+01
 1499132 -0.868155375639E+02  0.212733835014E+02 -0.500000000000E+00
 1499133 -0.868172001564E+02  0.212897140993E+02 -0.180000000000E+02
 1499134 -0.868178209379E+02  0.213227482496E+02 -0.720000000000E+02
 1499135 -0.867955664662E+02  0.212652805545E+02  0.450000000000E+01
 1499136 -0.868329389923E+02  0.214232174522E+02  0.930000000000E+02
 1499137 -0.868321763838E+02  0.214401245592E+02  0.850000000000E+02
 1499138 -0.868517815195E+02  0.213715792592E+02  0.105833335880E+03
 1499139 -0.868422052643E+02  0.213920217000E+02  0.116000000000E+03
 1499140 -0.868296201155E+02  0.213999379614E+02  0.725000000000E+02
 1499141 -0.868260690612E+02  0.214130449773E+02 -0.300000000000E+01
 1499142 -0.868311515112E+02  0.213580847858E+02  0.725000000000E+02
 1499143 -0.868146026341E+02  0.213451766618E+02  0.402500000000E+02
 1499186 -0.850157639842E+02  0.188240528945E+02  0.427347119140E+04
 1499187 -0.855174434759E+02  0.188089967579E+02  0.456022705080E+04
 1499188 -0.852937236898E+02  0.188985395290E+02  0.458029638670E+04
 1499189 -0.857540592973E+02  0.189530269898E+02  0.456978027340E+04
 1499190 -0.859960903145E+02  0.188323555356E+02  0.456375830080E+04
 1499191 -0.864286737438E+02  0.189194019655E+02  0.452086376950E+04
 1499192 -0.862038743081E+02  0.189496750221E+02  0.454759521480E+04
 1499193 -0.865937756954E+02  0.190907633110E+02  0.455517382810E+04
 1499194 -0.867564280495E+02  0.192172283774E+02  0.331808870720E+04
 1499195 -0.868628765609E+02  0.200123691167E+02  0.122019750980E+04
 1499196 -0.868630987156E+02  0.200918198374E+02  0.120071423340E+04
 1499197 -0.868261675825E+02  0.202059105553E+02  0.118335412600E+04
 1499198 -0.868171750531E+02  0.201353112716E+02  0.121294445800E+04
 1499199 -0.867644473249E+02  0.193851536514E+02  0.326722680660E+04
 1499200 -0.869227142030E+02  0.196063340521E+02  0.122750952150E+04
 1499201 -0.867993761439E+02  0.195215027410E+02  0.197259619140E+04
 1499202 -0.868866810227E+02  0.199062098056E+02  0.125452380370E+04
 1499203 -0.868872502861E+02  0.197608547060E+02  0.131356701660E+04
 1499204 -0.867533383333E+02  0.202455876958E+02  0.120514587400E+04
 1499205 -0.867666514189E+02  0.203227592410E+02  0.995194458010E+03
 1499206 -0.867867859570E+02  0.203920874673E+02  0.458299987790E+03
 1499207 -0.868083096818E+02  0.204556280880E+02  0.332666664120E+02
 1499208 -0.868022440872E+02  0.205610050309E+02  0.292500000000E+02
 1499209 -0.867491791385E+02  0.204368335829E+02  0.582700012210E+03
 1499210 -0.868043586383E+02  0.205889323589E+02  0.139166669850E+02
 1499211 -0.868133507390E+02  0.206148226582E+02  0.977777767180E+01
 1499212 -0.868102326444E+02  0.206463149881E+02  0.805000000000E+02
 1499213 -0.868568243773E+02  0.207092718374E+02  0.306850006100E+03
 1499214 -0.868115702583E+02  0.206900356328E+02  0.319733337400E+03
 1499215 -0.868723121996E+02  0.207621164621E+02  0.199416671750E+03
 1499216 -0.868952670924E+02  0.208219408587E+02  0.644444465640E+01
 1499217 -0.868633061724E+02  0.208788116891E+02  0.383333325390E+01
 1499218 -0.868420878278E+02  0.209214204902E+02  0.284999990460E+01
 1499219 -0.867470749575E+02  0.211204777282E+02  0.110000000000E+02
 1499220 -0.867852943098E+02  0.210063197480E+02  0.110000000000E+02
 1499221 -0.868051459838E+02  0.209715386098E+02  0.232500000000E+02
 1499222 -0.868087261201E+02  0.209456223911E+02  0.241666660310E+02
 1499223 -0.867820262507E+02  0.209841338884E+02  0.127500000000E+02
 1499224 -0.867719368361E+02  0.210157743826E+02  0.150000000000E+02
 1499225 -0.867791641914E+02  0.210637895553E+02  0.700000000000E+01
 1499226 -0.867837159558E+02  0.210441175307E+02  0.425000000000E+01
 1499227 -0.867707072168E+02  0.210328179537E+02  0.783333349230E+01
 1499228 -0.867565618494E+02  0.210728406883E+02  0.200000000000E+02
 1499229 -0.867475521906E+02  0.210893022751E+02  0.160000000000E+02
 1499230 -0.867412889235E+02  0.211041942926E+02  0.165000000000E+02
 1499231 -0.868202071619E+02  0.214571807202E+02  0.627500000000E+02
 1499232 -0.868096838274E+02  0.214700305130E+02  0.500000000000E+02
 1499233 -0.868010661899E+02  0.214812652828E+02  0.430000000000E+02
 1499234 -0.868016380391E+02  0.214949510003E+02  0.140000000000E+02
 1499235 -0.868628817733E+02  0.214207046253E+02  0.890000000000E+02
 1499236 -0.868860638930E+02  0.214063958598E+02  0.386666679380E+02
 1499237 -0.869041193746E+02  0.214254473902E+02  0.475000000000E+01
 1499238 -0.868560020988E+02  0.214429921044E+02  0.622500000000E+02
 1499239 -0.868412447529E+02  0.214628371981E+02  0.557500000000E+02
 1499240 -0.868253373046E+02  0.214965853712E+02  0.285000000000E+02
 1499241 -0.868344166636E+02  0.214817880485E+02  0.345000000000E+02
 1504137 -0.867293859158E+02  0.211283876578E+02  0.130000000000E+02
 1504138 -0.867321686983E+02  0.211406167200E+02  0.110000000000E+02
 1504139 -0.867248449572E+02  0.211513202057E+02  0.110000000000E+02
 1504140 -0.867529698558E+02  0.211900333344E+02  0.650000000000E+01
 1504141 -0.867330841648E+02  0.211761521430E+02  0.800000000000E+01
 1504142 -0.867432297024E+02  0.212087893609E+02  0.425000000000E+01
 1504143 -0.867603177494E+02  0.212360295314E+02  0.350000000000E+01
 1504144 -0.867740775405E+02  0.212438758690E+02  0.400000000000E+01
 1504145 -0.867438951044E+02  0.212487043662E+02  0.575000000000E+01
 1504146 -0.867778564177E+02  0.212585391371E+02  0.475000000000E+01
 1504147 -0.867183014233E+02  0.211655956092E+02  0.125000000000E+02
 1504148 -0.867991363243E+02  0.212814462516E+02  0.350000000000E+01
 1504149 -0.868006214848E+02  0.212950117147E+02  0.450000000000E+01
 1504150 -0.868129403476E+02  0.213049418426E+02 -0.500000000000E+00
 1504151 -0.868046835728E+02  0.213335390676E+02  0.675000000000E+01
 1504152 -0.868040054292E+02  0.213194790231E+02 -0.200000000000E+01
 1504153 -0.867815483846E+02  0.212746642894E+02  0.550000000000E+01
 1504154 -0.867925326129E+02  0.213397575349E+02  0.130000000000E+02
 1504155 -0.868003942553E+02  0.213449826240E+02  0.130000000000E+02
 1504156 -0.868181712659E+02  0.214250410117E+02  0.527500000000E+02
 1504157 -0.868112908320E+02  0.214421175191E+02  0.790000000000E+02
 1504158 -0.868255301378E+02  0.213818774753E+02  0.121250000000E+03
 1504159 -0.868113974470E+02  0.214023548506E+02 -0.733333349230E+01
 1504160 -0.868108308882E+02  0.213652331341E+02  0.530000000000E+02
 1504161 -0.868023947331E+02  0.213551781175E+02 -0.500000000000E+01
 1504196 -0.848584344255E+02  0.190984993787E+02  0.451958496090E+04
 1504197 -0.851651731824E+02  0.191037278362E+02  0.457202587890E+04
 1504198 -0.854893926392E+02  0.190934499956E+02  0.455216308590E+04
 1504199 -0.857530771948E+02  0.191766131126E+02  0.458052148440E+04
 1504200 -0.860097369565E+02  0.191128307418E+02  0.457547558590E+04
 1504201 -0.863311587301E+02  0.191718157824E+02  0.456108642580E+04
 1504202 -0.865749808947E+02  0.193086960571E+02  0.443821435550E+04
 1504203 -0.867843801078E+02  0.199592985890E+02  0.124368884280E+04
 1504204 -0.867723113216E+02  0.200625570616E+02  0.123200000000E+04
 1504205 -0.867489554261E+02  0.201595559420E+02  0.122466662600E+04
 1504206 -0.866331843404E+02  0.195095824048E+02  0.337567553710E+04
 1504207 -0.867513531428E+02  0.196570394774E+02  0.171233337400E+04
 1504208 -0.867275365756E+02  0.198364932741E+02  0.136525000000E+04
 1504209 -0.866675419367E+02  0.202072880806E+02  0.123667504880E+04
 1504210 -0.866898561234E+02  0.202970553861E+02  0.122321875000E+04
 1504211 -0.867189218255E+02  0.203729567423E+02  0.111580957030E+04
 1504212 -0.867740006942E+02  0.204939878547E+02  0.770400009160E+02
 1504213 -0.867740737212E+02  0.205736749880E+02  0.262222213750E+02
 1504214 -0.866833971734E+02  0.204287267842E+02  0.103895922850E+04
 1504215 -0.867236594990E+02  0.204776145608E+02  0.629119995120E+03
 1504216 -0.867748770440E+02  0.206151220711E+02  0.126400003430E+02
 1504217 -0.867687967859E+02  0.206663584892E+02  0.620000000000E+02
 1504218 -0.868130935960E+02  0.207414402888E+02  0.430366668700E+03
 1504219 -0.867722219205E+02  0.207116706416E+02  0.265500000000E+03
 1504220 -0.868200199916E+02  0.208118767161E+02  0.222589279170E+03
 1504221 -0.868019610480E+02  0.208772228968E+02  0.120466667180E+03
 1504222 -0.867881530212E+02  0.209203290213E+02  0.338125000000E+02
 1504223 -0.867258317126E+02  0.211116930194E+02  0.207500000000E+02
 1504224 -0.867644845727E+02  0.209981511041E+02  0.150000000000E+02
 1504225 -0.867751013811E+02  0.209552888989E+02  0.388888893130E+02
 1504226 -0.867582882509E+02  0.209774542472E+02  0.352222213750E+02
 1504227 -0.867514733011E+02  0.210140167872E+02  0.200000000000E+02
 1504228 -0.867546162514E+02  0.210518313814E+02  0.149166669850E+02
 1504229 -0.867426772155E+02  0.210317940397E+02  0.150000000000E+02
 1504230 -0.867340435008E+02  0.210715114978E+02  0.141666669850E+02
 1504231 -0.867260005043E+02  0.210925349122E+02  0.210000000000E+02
 1504232 -0.868025210902E+02  0.214570904253E+02  0.612500000000E+02
 1504233 -0.867939044194E+02  0.214711784895E+02  0.480000000000E+02
 1504234 -0.868039056483E+02  0.215119288033E+02  0.230000000000E+02
 1504235 -0.868175975831E+02  0.215108411457E+02  0.245000000000E+02
 1504236 -0.868857505160E+02  0.214406400743E+02  0.416666679380E+02
 1504237 -0.869214089849E+02  0.214487791344E+02  0.722222232820E+01
 1504238 -0.868685795839E+02  0.214661602605E+02  0.671666641240E+02
 1504239 -0.868530052934E+02  0.214807305870E+02  0.415000000000E+02
 1504240 -0.868357849958E+02  0.215122410044E+02  0.210000000000E+02
 1504241 -0.868465085279E+02  0.214971069744E+02  0.252500000000E+02
 1509004 -0.867080396558E+02  0.211226664625E+02  0.237500000000E+02
 1509005 -0.867154423690E+02  0.211390108366E+02  0.115000000000E+02
 1509006 -0.867053976185E+02  0.211533098890E+02  0.145000000000E+02
 1509007 -0.867133532582E+02  0.211820915136E+02  0.100000000000E+02
 1509008 -0.867274382314E+02  0.211954573231E+02  0.725000000000E+01
 1509009 -0.867606685314E+02  0.212522455520E+02  0.600000000000E+01
 1509010 -0.867652144033E+02  0.212684422598E+02  0.550000000000E+01
 1509011 -0.866987810555E+02  0.211698154449E+02  0.142500000000E+02
 1509012 -0.866957044269E+02  0.211850345789E+02  0.147500000000E+02
 1509013 -0.867843438901E+02  0.212906233500E+02  0.500000000000E+01
 1509014 -0.867894867059E+02  0.213083330302E+02  0.450000000000E+01
 1509015 -0.867874488133E+02  0.213282428953E+02  0.250000000000E+01
 1509016 -0.867823786993E+02  0.213407613497E+02  0.100000000000E+02
 1509017 -0.867671728060E+02  0.212836541837E+02  0.600000000000E+01
 1509018 -0.867877577238E+02  0.213512617382E+02 -0.160000000000E+02
 1509019 -0.868088226112E+02  0.214173410200E+02 -0.300000000000E+01
 1509020 -0.868042405553E+02  0.214046215710E+02 -0.300000000000E+01
 1509021 -0.868011676650E+02  0.214291765235E+02  0.104000000000E+03
 1509022 -0.867935014254E+02  0.214440918745E+02  0.697500000000E+02
 1509023 -0.868017242187E+02  0.213839306359E+02 -0.317500000000E+02
 1509024 -0.867895820943E+02  0.213671511282E+02 -0.577500000000E+02
 1509037 -0.844760701905E+02  0.195608991958E+02  0.457159277340E+04
 1509038 -0.846988619238E+02  0.193417461340E+02  0.452553613280E+04
 1509052 -0.850099292355E+02  0.193557191253E+02  0.455581201170E+04
 1509053 -0.853237951200E+02  0.193521060939E+02  0.460530664060E+04
 1509054 -0.856184765143E+02  0.193611396495E+02  0.457204687500E+04
 1509055 -0.858937205666E+02  0.193626181863E+02  0.456853271480E+04
 1509056 -0.861361782843E+02  0.193437105637E+02  0.455859472660E+04
 1509057 -0.863708912281E+02  0.194776328155E+02  0.451334716800E+04
 1509058 -0.866724950583E+02  0.199788636870E+02  0.103243200680E+04
 1509059 -0.866571983296E+02  0.201006809872E+02  0.113987121580E+04
 1509060 -0.865380573078E+02  0.197074696865E+02  0.278469482420E+04
 1509061 -0.865725391036E+02  0.198857169672E+02  0.196064099120E+04
 1509062 -0.865608813236E+02  0.201673859086E+02  0.111690905760E+04
 1509063 -0.865950220841E+02  0.202734625641E+02  0.122785180660E+04
 1509064 -0.866376611418E+02  0.203602779926E+02  0.122407812500E+04
 1509065 -0.867437107079E+02  0.205373145685E+02  0.137416671750E+03
 1509066 -0.867314840638E+02  0.205775917677E+02  0.251666660310E+02
 1509067 -0.866029516543E+02  0.204334678130E+02  0.119637500000E+04
 1509068 -0.866680097811E+02  0.204912100135E+02  0.823892883300E+03
 1509069 -0.867218427152E+02  0.206381592474E+02  0.202333335880E+02
 1509070 -0.867220361331E+02  0.206968483540E+02  0.696666641240E+02
 1509071 -0.867456128290E+02  0.207636704430E+02  0.422142852780E+03
 1509072 -0.867485870037E+02  0.208379343742E+02  0.534885742190E+03
 1509073 -0.867496122712E+02  0.208929650899E+02  0.335850006100E+03
 1509074 -0.867514294788E+02  0.209294543610E+02  0.208333328250E+03
 1509075 -0.867032003188E+02  0.211018970632E+02  0.265000000000E+02
 1509076 -0.867378884876E+02  0.209912075709E+02  0.624444427490E+02
 1509077 -0.867319405626E+02  0.209584897736E+02  0.201375000000E+03
 1509078 -0.867211454781E+02  0.210143556719E+02  0.846666641240E+02
 1509079 -0.867154438301E+02  0.210459484044E+02  0.468750000000E+02
 1509080 -0.867040863793E+02  0.210766113252E+02  0.281666660310E+02
 1509081 -0.867865388748E+02  0.214579434352E+02  0.535000000000E+02
 1509082 -0.868127301339E+02  0.215221838315E+02  0.180000000000E+02
 1509083 -0.868044632929E+02  0.215244982474E+02  0.180000000000E+02
 1509084 -0.868261893770E+02  0.215271568637E+02  0.155000000000E+02
 1509085 -0.868428472110E+02  0.215262192897E+02  0.135000000000E+02
 1509086 -0.869011979033E+02  0.214740011455E+02  0.660000000000E+02
 1509087 -0.869433004662E+02  0.214818265956E+02  0.662500000000E+01
 1509088 -0.868742769388E+02  0.214957604536E+02  0.481666679380E+02
 1509089 -0.868562299710E+02  0.215155363816E+02  0.120000000000E+02
 1509090 -0.870996740803E+02  0.215888171223E+02  0.210000000000E+02
 1509091 -0.871142573087E+02  0.215954048045E+02  0.332500000000E+02
 1513668 -0.866815602502E+02  0.211172461132E+02  0.258333339690E+02
 1513669 -0.866928173685E+02  0.211377640847E+02  0.250000000000E+02
 1513670 -0.866821985374E+02  0.211563531528E+02  0.205000000000E+02
 1513671 -0.867068102471E+02  0.212004939824E+02  0.115000000000E+02
 1513672 -0.867188102859E+02  0.212167460814E+02  0.750000000000E+01
 1513673 -0.867503568344E+02  0.212649198692E+02 -0.300000000000E+01
 1513674 -0.867536834457E+02  0.212766305276E+02  0.100000000000E+02
 1513675 -0.867315392162E+02  0.212397709085E+02  0.800000000000E+01
 1513676 -0.867407639889E+02  0.212544714792E+02  0.850000000000E+01
 1513677 -0.866777310687E+02  0.211765079257E+02  0.170000000000E+02
 1513678 -0.866818465051E+02  0.211962640280E+02  0.152500000000E+02
 1513679 -0.867680976347E+02  0.213006306305E+02  0.700000000000E+01
 1513680 -0.867689493416E+02  0.213194017549E+02  0.650000000000E+01
 1513681 -0.867701053311E+02  0.213364285065E+02  0.100000000000E+02
 1513682 -0.867740490156E+02  0.213481160735E+02  0.250000000000E+02
 1513683 -0.867501490776E+02  0.212909340446E+02  0.100000000000E+02
 1513684 -0.867722707848E+02  0.213620178555E+02  0.307500000000E+02
 1513685 -0.867925348281E+02  0.214157306356E+02  0.113500000000E+03
 1513686 -0.867884779979E+02  0.214002452652E+02  0.330000000000E+02
 1513687 -0.867826850273E+02  0.214307370800E+02  0.727500000000E+02
 1513688 -0.867768050630E+02  0.214474862642E+02  0.602500000000E+02
 1513689 -0.867740752755E+02  0.213846811295E+02  0.371666679380E+02
 1513699 -0.846087212154E+02  0.197918834418E+02  0.454577636720E+04
 1513700 -0.848349146695E+02  0.196339261032E+02  0.456004296880E+04
 1513712 -0.851783960921E+02  0.196043092057E+02  0.456476464840E+04
 1513713 -0.854814030563E+02  0.195942907512E+02  0.459011035160E+04
 1513714 -0.857694705092E+02  0.195877597576E+02  0.457313964840E+04
 1513715 -0.860753839402E+02  0.195936552925E+02  0.453981201170E+04
 1513716 -0.863072950995E+02  0.197084999215E+02  0.453496044920E+04
 1513717 -0.865210049115E+02  0.200284352433E+02  0.144697497560E+04
 1513718 -0.864036016647E+02  0.198773229449E+02  0.325500878910E+04
 1513719 -0.864461466911E+02  0.201416792250E+02  0.959750000000E+03
 1513720 -0.864783739888E+02  0.202527693511E+02  0.110949243160E+04
 1513721 -0.865358179904E+02  0.203559986657E+02  0.118618176270E+04
 1513722 -0.866663400655E+02  0.205558761022E+02  0.507125000000E+03
 1513723 -0.866743379089E+02  0.206085059901E+02  0.272750000000E+03
 1513724 -0.865048242523E+02  0.204503331694E+02  0.122567773440E+04
 1513725 -0.865879995865E+02  0.205142602526E+02  0.101974603270E+04
 1513726 -0.866595243554E+02  0.206645288121E+02  0.268020416260E+03
 1513727 -0.866642181926E+02  0.207367024911E+02  0.157589279170E+03
 1513728 -0.866791129652E+02  0.208092202348E+02  0.521416687010E+03
 1513729 -0.866952029176E+02  0.208726508647E+02  0.527866638180E+03
 1513730 -0.867123401578E+02  0.209201990214E+02  0.346687500000E+03
 1513731 -0.866736834108E+02  0.210906305469E+02  0.472222213750E+02
 1513732 -0.866999987600E+02  0.209847778416E+02  0.246875000000E+03
 1513733 -0.866885374220E+02  0.209510464744E+02  0.397416656490E+03
 1513734 -0.866793912745E+02  0.210183893879E+02  0.261312500000E+03
 1513735 -0.866721467110E+02  0.210571455269E+02  0.170199996950E+03
 1513736 -0.867905279726E+02  0.214848953219E+02  0.330000000000E+02
 1513737 -0.867751680409E+02  0.214613448622E+02  0.420000000000E+02
 1513738 -0.867875392813E+02  0.214721032922E+02  0.460000000000E+02
 1513739 -0.867938890253E+02  0.214970078762E+02  0.135000000000E+02
 1513740 -0.867903383484E+02  0.215119704994E+02  0.230000000000E+02
 1513741 -0.867944342754E+02  0.215233943774E+02  0.190000000000E+02
 1513742 -0.867984410665E+02  0.215366031344E+02  0.160000000000E+02
 1513743 -0.868114947685E+02  0.215364940976E+02  0.130000000000E+02
 1513744 -0.868242550250E+02  0.215418995733E+02  0.130000000000E+02
 1513745 -0.870414390220E+02  0.215825488591E+02  0.240000000000E+02
 1513746 -0.870392241442E+02  0.215677258095E+02  0.145000000000E+02
 1513747 -0.869531104685E+02  0.215136071583E+02  0.167777786250E+02
 1513748 -0.869706265844E+02  0.215385254908E+02  0.450000000000E+01
 1513749 -0.869860029604E+02  0.215567542901E+02  0.108333330150E+02
 1513750 -0.869983648247E+02  0.215720164325E+02  0.280000000000E+02
 1513751 -0.868386159214E+02  0.215402191034E+02  0.115000000000E+02
 1513752 -0.868574157899E+02  0.215359430954E+02  0.105000000000E+02
 1513753 -0.869138709298E+02  0.215108403544E+02  0.317500000000E+02
 1513754 -0.868805463626E+02  0.215259474721E+02  0.977777767180E+01
 1513758 -0.870891164798E+02  0.216014099348E+02 -0.300000000000E+01
 1513759 -0.871023466389E+02  0.216010056830E+02 -0.200000000000E+01
 1513760 -0.871100740410E+02  0.216063559967E+02 -0.200000000000E+01
 1518162 -0.866473549676E+02  0.211125204677E+02  0.634444427490E+02
 1518163 -0.866642657798E+02  0.211379980540E+02  0.252222213750E+02
 1518164 -0.866541983336E+02  0.211627235185E+02  0.215000000000E+02
 1518165 -0.866952489185E+02  0.212129617199E+02  0.154444446560E+02
 1518166 -0.867045328601E+02  0.212380133534E+02  0.183333339690E+02
 1518167 -0.867355241074E+02  0.212752022808E+02  0.135000000000E+02
 1518168 -0.867181760730E+02  0.212585936418E+02  0.177500000000E+02
 1518169 -0.866536575539E+02  0.211888568309E+02  0.176666660310E+02
 1518170 -0.866619268153E+02  0.212137291306E+02  0.175555553440E+02
 1518171 -0.867484839870E+02  0.213108374193E+02  0.130000000000E+02
 1518172 -0.867500735779E+02  0.213319380479E+02  0.143333330150E+02
 1518173 -0.867577325390E+02  0.213501109176E+02  0.170000000000E+02
 1518174 -0.867279324850E+02  0.212986492260E+02  0.175000000000E+02
 1518175 -0.867504280605E+02  0.213707861458E+02  0.305000000000E+02
 1518176 -0.867698151119E+02  0.214122623541E+02  0.781666641240E+02
 1518177 -0.867622860702E+02  0.214356748282E+02  0.585000000000E+02
 1518178 -0.867606509397E+02  0.214551255049E+02  0.385000000000E+02
 1518179 -0.867462286601E+02  0.213963745221E+02  0.415000000000E+02
 1518186 -0.848041212191E+02  0.199276345289E+02  0.455079687500E+04
 1518187 -0.850683028104E+02  0.198552910912E+02  0.454881835940E+04
 1518197 -0.853520316608E+02  0.198345220693E+02  0.451862646480E+04
 1518198 -0.856462484413E+02  0.198259077312E+02  0.452995703120E+04
 1518199 -0.859015905367E+02  0.197889469348E+02  0.454364697270E+04
 1518200 -0.861485413566E+02  0.198864188683E+02  0.433491162110E+04
 1518201 -0.863341722093E+02  0.200473969829E+02  0.181004089360E+04
 1518202 -0.863363010222E+02  0.202124086393E+02  0.110863134770E+04
 1518203 -0.863960748213E+02  0.203656811041E+02  0.114534667970E+04
 1518204 -0.864127280402E+02  0.204842907842E+02  0.121545837400E+04
 1518205 -0.865924983448E+02  0.206063740210E+02  0.798295471190E+03
 1518206 -0.864933734211E+02  0.205483003965E+02  0.116122216800E+04
 1518207 -0.865822128378E+02  0.207005827693E+02  0.697857116700E+03
 1518208 -0.865968100353E+02  0.207853643332E+02  0.555158752440E+03
 1518209 -0.866242468129E+02  0.208589989030E+02  0.650357116700E+03
 1518210 -0.866573182946E+02  0.209165875647E+02  0.505700012210E+03
 1518211 -0.866337518381E+02  0.210783627852E+02  0.239733337400E+03
 1518212 -0.866410893350E+02  0.209751781707E+02  0.399958343510E+03
 1518213 -0.866265235329E+02  0.210329307117E+02  0.358666656490E+03
 1518214 -0.867783506939E+02  0.214877256354E+02  0.315000000000E+02
 1518215 -0.867643060458E+02  0.214740658145E+02  0.360000000000E+02
 1518216 -0.867855919029E+02  0.215347241572E+02  0.170000000000E+02
 1518217 -0.867752888135E+02  0.215045904583E+02  0.265000000000E+02
 1518218 -0.867755676866E+02  0.215231517067E+02  0.207500000000E+02
 1518219 -0.868028041842E+02  0.215464472353E+02  0.140000000000E+02
 1518220 -0.867881506033E+02  0.215490396891E+02  0.150000000000E+02
 1518221 -0.868145565546E+02  0.215509329264E+02  0.100000000000E+02
 1518222 -0.868304185036E+02  0.215546948756E+02  0.110000000000E+02
 1518223 -0.870383113711E+02  0.215903371126E+02 -0.200000000000E+01
 1518224 -0.870241115171E+02  0.215870815704E+02  0.350000000000E+02
 1518225 -0.870128684552E+02  0.215797111855E+02 -0.150000000000E+01
 1518226 -0.869954419260E+02  0.215838177420E+02  0.287500000000E+02
 1518227 -0.869388654741E+02  0.215394705116E+02  0.317777786250E+02
 1518228 -0.869599873620E+02  0.215606198082E+02  0.311666660310E+02
 1518229 -0.869793030680E+02  0.215755760404E+02  0.272500000000E+02
 1518230 -0.868505696223E+02  0.215554009225E+02  0.112500000000E+02
 1518231 -0.868756856509E+02  0.215523354034E+02  0.977777767180E+01
 1518232 -0.869057988951E+02  0.215452691441E+02  0.105000000000E+02
 1518238 -0.870411332171E+02  0.216023912543E+02  0.375000000000E+02
 1518239 -0.870535926370E+02  0.215941932203E+02  0.345000000000E+02
 1518240 -0.870700689560E+02  0.216009519493E+02  0.375000000000E+02
 1518241 -0.870824177743E+02  0.216123673796E+02  0.420000000000E+02
 1518242 -0.870986112845E+02  0.216130405570E+02  0.470000000000E+02
 1518243 -0.871144336145E+02  0.216153170446E+02  0.530000000000E+02
 1522400 -0.866034033052E+02  0.211095043197E+02  0.239187500000E+03
 1522401 -0.866274652214E+02  0.211413809871E+02  0.535000000000E+02
 1522402 -0.866198718403E+02  0.211752441607E+02  0.278333339690E+02
 1522403 -0.866743332483E+02  0.212381211172E+02  0.188888893130E+02
 1522404 -0.866890894185E+02  0.212618866519E+02  0.200000000000E+02
 1522405 -0.867076068469E+02  0.212822171771E+02  0.183333339690E+02
 1522406 -0.866263707607E+02  0.212086722218E+02  0.216875000000E+02
 1522407 -0.866401039052E+02  0.212374988657E+02  0.225555553440E+02
 1522408 -0.867257018047E+02  0.213234708122E+02  0.191666660310E+02
 1522409 -0.867294684642E+02  0.213513788766E+02  0.195833339690E+02
 1522410 -0.867001290867E+02  0.213092336219E+02  0.223333339690E+02
 1522411 -0.867227926396E+02  0.213801535737E+02  0.178333339690E+02
 1522412 -0.867424179243E+02  0.214223930180E+02  0.412500000000E+02
 1522413 -0.867413423549E+02  0.214460447477E+02  0.327500000000E+02
 1522414 -0.867439980633E+02  0.214661365128E+02  0.295000000000E+02
 1522415 -0.867178429488E+02  0.214079709112E+02  0.213333339690E+02
 1522416 -0.852331531165E+02  0.200283997868E+02  0.457311279300E+04
 1522422 -0.850072001042E+02  0.201029548532E+02  0.456120849610E+04
 1522429 -0.855046864482E+02  0.200989338499E+02  0.454807421880E+04
 1522430 -0.858683084364E+02  0.200509930244E+02  0.450097509770E+04
 1522431 -0.861494376097E+02  0.201381169767E+02  0.311712817380E+04
 1522432 -0.862136008132E+02  0.203288081958E+02  0.154325610350E+04
 1522433 -0.862908776417E+02  0.204751589232E+02  0.105278027340E+04
 1522434 -0.863784900647E+02  0.205819803279E+02  0.121669702150E+04
 1522435 -0.864837002382E+02  0.206525638240E+02  0.107022216800E+04
 1522436 -0.864965258607E+02  0.207579631344E+02  0.879736389160E+03
 1522437 -0.865345435424E+02  0.208487184666E+02  0.625430541990E+03
 1522438 -0.865824931225E+02  0.209214519538E+02  0.453937500000E+03
 1522439 -0.865793991009E+02  0.210674451383E+02  0.392233337400E+03
 1522440 -0.865567516009E+02  0.211070211381E+02  0.352149993900E+03
 1522441 -0.865533629382E+02  0.210010632611E+02  0.415109375000E+03
 1522442 -0.867585530248E+02  0.214936910492E+02  0.227500000000E+02
 1522443 -0.867458822764E+02  0.214823338446E+02  0.240000000000E+02
 1522444 -0.867713658828E+02  0.215414318782E+02  0.180000000000E+02
 1522445 -0.867550341020E+02  0.215139959831E+02  0.200000000000E+02
 1522446 -0.867569204814E+02  0.215319545931E+02  0.182500000000E+02
 1522447 -0.868013779284E+02  0.215591663291E+02  0.125000000000E+02
 1522448 -0.867707482758E+02  0.215596812582E+02  0.190000000000E+02
 1522449 -0.867867249823E+02  0.215652238315E+02  0.150000000000E+02
 1522450 -0.868169889178E+02  0.215668954473E+02  0.120000000000E+02
 1522451 -0.868375249804E+02  0.215728212806E+02  0.105000000000E+02
 1522452 -0.870263253324E+02  0.216014747397E+02  0.345000000000E+02
 1522453 -0.870059794277E+02  0.215969684850E+02  0.290000000000E+02
 1522454 -0.869806938542E+02  0.215948165668E+02  0.282500000000E+02
 1522455 -0.869297986048E+02  0.215679611137E+02  0.225555553440E+02
 1522456 -0.869553274806E+02  0.215854314027E+02  0.291666660310E+02
 1522457 -0.868637568874E+02  0.215763917769E+02  0.120000000000E+02
 1522458 -0.868960263482E+02  0.215750600094E+02  0.113333330150E+02
 1522469 -0.870347168504E+02  0.216155990761E+02  0.310000000000E+02
 1522470 -0.870527198943E+02  0.216103521226E+02  0.387500000000E+02
 1522471 -0.870681292181E+02  0.216199023438E+02  0.390000000000E+02
 1522472 -0.870861629332E+02  0.216265321132E+02  0.385000000000E+02
 1522473 -0.871057275100E+02  0.216282957468E+02  0.415000000000E+02
 1526401 -0.865756971022E+02  0.211502954019E+02  0.181533340450E+03
 1526402 -0.865226571062E+02  0.211320722164E+02  0.408750000000E+03
 1526403 -0.865818420697E+02  0.211995360042E+02  0.653499984740E+02
 1526404 -0.866550975720E+02  0.212646369819E+02  0.220000000000E+02
 1526405 -0.866747899107E+02  0.212897376400E+02  0.241111106870E+02
 1526406 -0.866008223798E+02  0.212371683386E+02  0.314166660310E+02
 1526407 -0.866220726553E+02  0.212626654039E+02  0.226666660310E+02
 1526408 -0.866981232276E+02  0.213387876815E+02  0.233333339690E+02
 1526409 -0.867014273999E+02  0.213644049576E+02  0.232222213750E+02
 1526410 -0.866666202455E+02  0.213225391943E+02  0.256666660310E+02
 1526411 -0.866913603039E+02  0.213900060292E+02  0.239166660310E+02
 1526412 -0.867169923999E+02  0.214360307446E+02  0.268333339690E+02
 1526413 -0.867217087318E+02  0.214609078779E+02  0.233333339690E+02
 1526414 -0.867300980312E+02  0.214783412873E+02  0.220000000000E+02
 1526415 -0.866872657653E+02  0.214228675798E+02  0.248888893130E+02
 1526416 -0.852335445590E+02  0.202502970705E+02  0.455343750000E+04
 1526426 -0.854675660819E+02  0.203864666060E+02  0.454799804690E+04
 1526427 -0.857319528417E+02  0.203159506609E+02  0.454450781250E+04
 1526428 -0.859957018204E+02  0.203026761493E+02  0.369369775390E+04
 1526429 -0.861132119638E+02  0.204788073823E+02  0.173869604490E+04
 1526430 -0.862311601473E+02  0.206113857447E+02  0.118549548340E+04
 1526431 -0.863591008998E+02  0.207201822948E+02  0.115041430660E+04
 1526432 -0.864227876109E+02  0.208403671185E+02  0.741282836910E+03
 1526433 -0.864843978120E+02  0.209281653568E+02  0.485422210690E+03
 1526434 -0.865026013901E+02  0.210757886140E+02  0.386892852780E+03
 1526435 -0.864570362739E+02  0.210064828823E+02  0.281597229000E+03
 1526436 -0.867324562171E+02  0.214994345593E+02  0.210000000000E+02
 1526437 -0.867512163470E+02  0.215500398652E+02  0.185000000000E+02
 1526438 -0.867314183886E+02  0.215311535322E+02  0.208888893130E+02
 1526439 -0.867527260634E+02  0.215705792494E+02  0.220000000000E+02
 1526440 -0.867990423285E+02  0.215764588450E+02  0.145000000000E+02
 1526441 -0.867743057757E+02  0.215817730358E+02  0.188333339690E+02
 1526442 -0.868190132112E+02  0.215872984273E+02  0.130000000000E+02
 1526443 -0.868444027402E+02  0.215962462338E+02  0.110000000000E+02
 1526444 -0.870136996113E+02  0.216164709397E+02  0.162500000000E+02
 1526445 -0.869887152974E+02  0.216154066508E+02  0.168333339690E+02
 1526446 -0.869593959259E+02  0.216116990802E+02  0.224444446560E+02
 1526447 -0.869227860686E+02  0.216019158065E+02  0.655555534360E+01
 1526448 -0.868783319826E+02  0.216064868115E+02  0.120000000000E+02
 1526457 -0.870257445598E+02  0.216338305084E+02  0.162500000000E+02
 1526458 -0.870486784873E+02  0.216290748919E+02  0.312500000000E+02
 1526459 -0.870687272633E+02  0.216401356060E+02  0.301666660310E+02
 1526460 -0.870933645491E+02  0.216454510463E+02  0.187500000000E+02
 1530164 -0.864603468660E+02  0.211399469414E+02  0.286040802000E+03
 1530165 -0.865178885719E+02  0.211873089868E+02  0.248666671750E+03
 1530166 -0.865504017631E+02  0.212385269155E+02  0.649599990840E+02
 1530167 -0.866301962944E+02  0.212979122129E+02  0.258333339690E+02
 1530168 -0.865841431249E+02  0.212761106205E+02  0.225000000000E+02
 1530169 -0.866653923643E+02  0.213616986267E+02  0.261250000000E+02
 1530170 -0.866310905892E+02  0.213378653831E+02  0.277500000000E+02
 1530171 -0.866534407055E+02  0.214029405260E+02  0.271666660310E+02
 1530172 -0.866913766742E+02  0.214560003329E+02  0.235000000000E+02
 1530173 -0.867064448675E+02  0.214828936420E+02  0.216666660310E+02
 1530174 -0.866525815593E+02  0.214442569350E+02  0.274375000000E+02
 1530175 -0.852345124577E+02  0.205034905470E+02  0.455107958980E+04
 1530183 -0.854429451786E+02  0.205968738280E+02  0.455717480470E+04
 1530184 -0.856577550059E+02  0.205532536798E+02  0.453954150390E+04
 1530185 -0.858976992576E+02  0.205033806558E+02  0.377218139650E+04
 1530186 -0.860502321027E+02  0.206514346251E+02  0.176397216800E+04
 1530187 -0.861950482108E+02  0.207607509150E+02  0.133252941890E+04
 1530188 -0.863059941659E+02  0.208362649994E+02  0.122425830080E+04
 1530189 -0.863561633843E+02  0.209509084587E+02  0.805353820800E+03
 1530190 -0.863886558447E+02  0.210764887206E+02  0.243159088130E+03
 1530191 -0.863899119250E+02  0.211597146393E+02  0.180472229000E+03
 1530193 -0.866997628292E+02  0.215136325766E+02  0.231666660310E+02
 1530194 -0.867241189901E+02  0.215654386800E+02  0.244444446560E+02
 1530195 -0.867004197534E+02  0.215435784681E+02  0.255555553440E+02
 1530196 -0.867432409281E+02  0.215959634076E+02  0.261875000000E+02
 1530197 -0.867958431552E+02  0.215983959992E+02  0.138333330150E+02
 1530198 -0.867718146969E+02  0.216061086599E+02  0.196666660310E+02
 1530199 -0.867075839183E+02  0.215947787252E+02  0.291666660310E+02
 1530200 -0.868202771450E+02  0.216129727576E+02  0.130000000000E+02
 1530201 -0.868475122346E+02  0.216215063491E+02  0.125000000000E+02
 1530202 -0.870007162001E+02  0.216355461781E+02  0.450000000000E+01
 1530203 -0.869718067650E+02  0.216369386549E+02  0.228888893130E+02
 1530204 -0.870146230720E+02  0.216516622700E+02  0.450000000000E+01
 1530205 -0.869370460898E+02  0.216356853995E+02  0.183333339690E+02
 1530206 -0.869035760482E+02  0.216310868287E+02  0.908333301540E+01
 1530207 -0.868702635507E+02  0.216432006762E+02  0.161875000000E+02
 1530214 -0.870420331380E+02  0.216546296947E+02  0.178333339690E+02
 1530215 -0.870739952544E+02  0.216652235458E+02  0.165555553440E+02
 1530216 -0.871081818379E+02  0.216687907876E+02  0.788888883590E+01
 1533711 -0.864403663578E+02  0.212083084714E+02  0.334229156490E+03
 1533712 -0.864939087382E+02  0.212424769571E+02  0.237866668700E+03
 1533713 -0.865238056941E+02  0.212885605858E+02  0.901142883300E+02
 1533714 -0.865775599630E+02  0.213318302664E+02  0.295238094330E+02
 1533715 -0.866156840787E+02  0.213753466150E+02  0.277600002290E+02
 1533716 -0.866083601615E+02  0.214234673704E+02  0.292999992370E+02
 1533717 -0.866632667215E+02  0.214890452179E+02  0.283600006100E+02
 1533718 -0.866117793280E+02  0.214712205829E+02  0.323499984740E+02
 1533724 -0.855690248648E+02  0.207986888906E+02  0.440167871090E+04
 1533725 -0.858373418109E+02  0.207181614374E+02  0.315382080080E+04
 1533726 -0.860269312256E+02  0.208361216156E+02  0.140420837400E+04
 1533727 -0.861968707238E+02  0.209091162100E+02  0.134153784180E+04
 1533728 -0.863171298146E+02  0.211431055853E+02  0.489024993900E+03
 1533729 -0.862374012592E+02  0.210594739234E+02  0.121717407230E+04
 1533730 -0.863430607418E+02  0.212307234777E+02  0.444333343510E+03
 1533732 -0.866645710272E+02  0.215356900399E+02  0.296250000000E+02
 1533733 -0.866822275319E+02  0.215719775120E+02  0.295625000000E+02
 1533734 -0.867170592015E+02  0.216244189159E+02  0.271666660310E+02
 1533735 -0.867550778511E+02  0.216286465871E+02  0.270833339690E+02
 1533736 -0.867906057742E+02  0.216257642698E+02  0.185000000000E+02
 1533737 -0.866712729397E+02  0.216160951106E+02  0.314400005340E+02
 1533738 -0.868242857546E+02  0.216486252663E+02  0.178999996190E+02
 1533739 -0.869897078949E+02  0.216589680448E+02  0.201666660310E+02
 1533740 -0.869552591819E+02  0.216643265763E+02  0.396666679380E+02
 1533741 -0.870149135670E+02  0.216753369239E+02  0.132222223280E+02
 1533742 -0.869094525492E+02  0.216681454500E+02  0.212500000000E+02
 1533743 -0.868584227350E+02  0.216833533516E+02  0.194500007630E+02
 1533748 -0.870475497622E+02  0.216871441168E+02  0.231111106870E+02
 1533749 -0.870841149756E+02  0.216951900234E+02  0.991666698460E+01
 1537012 -0.864370813042E+02  0.212896798258E+02  0.328366668700E+03
 1537013 -0.864997392709E+02  0.213527389297E+02  0.876428604130E+02
 1537014 -0.865582606890E+02  0.213942775177E+02  0.364047622680E+02
 1537015 -0.865584146082E+02  0.214527620459E+02  0.391333351140E+02
 1537016 -0.866163507648E+02  0.215196224165E+02  0.339583320620E+02
 1537017 -0.865717021528E+02  0.214981695115E+02  0.364000015260E+02
 1537022 -0.858224084089E+02  0.209660891576E+02  0.213827539060E+04
 1537023 -0.860596860967E+02  0.210111773482E+02  0.146266662600E+04
 1537024 -0.862266193024E+02  0.211891271656E+02  0.116847497560E+04
 1537025 -0.861166836477E+02  0.211363939752E+02  0.154787121580E+04
 1537026 -0.863467664030E+02  0.213223848556E+02  0.477986114500E+03
 1537027 -0.862435500855E+02  0.213027438007E+02  0.859587402340E+03
 1537029 -0.866253985626E+02  0.215762840483E+02  0.360000000000E+02
 1537030 -0.866199362825E+02  0.216301910507E+02  0.371599998470E+02
 1537031 -0.866937691087E+02  0.216512417439E+02  0.293333339690E+02
 1537032 -0.867314104634E+02  0.216597879210E+02  0.278750000000E+02
 1537033 -0.867763360423E+02  0.216598363487E+02  0.245000000000E+02
 1537034 -0.866529359724E+02  0.216637737783E+02  0.364666671750E+02
 1537035 -0.868065828006E+02  0.216937431109E+02  0.197500000000E+02
 1537036 -0.868409647246E+02  0.217232645321E+02  0.216875000000E+02
 1537037 -0.869809285837E+02  0.216899976653E+02  0.405833320620E+02
 1537038 -0.869426132087E+02  0.216962242435E+02  0.400000000000E+02
 1537039 -0.870146389510E+02  0.217096197520E+02  0.243125000000E+02
 1537040 -0.868989870301E+02  0.217231410743E+02  0.221944446560E+02
 1537045 -0.870556026871E+02  0.217228647613E+02  0.273125000000E+02
 1540119 -0.864119219235E+02  0.213825655036E+02  0.291708343510E+03
 1540120 -0.864898060515E+02  0.214295198788E+02  0.940634918210E+02
 1540121 -0.865105792663E+02  0.214999174141E+02  0.660000000000E+02
 1540122 -0.865613867966E+02  0.215473250982E+02  0.437142868040E+02
 1540126 -0.859578213147E+02  0.211598692075E+02  0.164066662600E+04
 1540127 -0.861018902656E+02  0.212623222315E+02  0.158143273930E+04
 1540128 -0.862982179601E+02  0.214062116700E+02  0.648198364260E+03
 1540129 -0.861447458401E+02  0.214056934038E+02  0.145215173340E+04
 1540131 -0.865620445957E+02  0.216130871101E+02  0.453035697940E+02
 1540132 -0.865880293421E+02  0.216817152064E+02  0.401875000000E+02
 1540133 -0.866961669665E+02  0.216921329935E+02  0.318400001530E+02
 1540134 -0.867500536100E+02  0.217024509368E+02  0.273999996190E+02
 1540135 -0.866484411948E+02  0.217112665646E+02  0.387200012210E+02
 1540136 -0.867894339373E+02  0.217449282302E+02  0.258571434020E+02
 1540137 -0.868513971197E+02  0.217711568932E+02  0.224523811340E+02
 1540138 -0.869684386988E+02  0.217355104515E+02  0.295277786250E+02
 1540139 -0.870204004073E+02  0.217468645930E+02  0.276250000000E+02
 1540140 -0.869216201749E+02  0.217843325983E+02  0.221904754640E+02
 1543047 -0.863999205513E+02  0.214948578616E+02  0.305702392580E+03
 1543048 -0.864822454376E+02  0.215768700888E+02  0.107676765440E+03
 1543050 -0.859219214031E+02  0.213801058359E+02  0.180924316410E+04
 1543051 -0.862424029571E+02  0.215290245950E+02  0.107069226070E+04
 1543052 -0.860604923692E+02  0.215537522899E+02  0.173236535640E+04
 1543054 -0.864952711525E+02  0.216661371680E+02  0.101250000000E+03
 1543055 -0.865328939538E+02  0.217331169448E+02  0.629761886600E+02
 1543056 -0.866046822429E+02  0.217544338285E+02  0.418571434020E+02
 1543057 -0.867003914499E+02  0.217642770164E+02  0.377654304500E+02
 1543058 -0.867872139192E+02  0.218146768920E+02  0.358095245360E+02
 1543059 -0.868701629319E+02  0.218365980322E+02  0.279285717010E+02
 1543060 -0.869998825357E+02  0.217983932340E+02  0.228214282990E+02
 1543061 -0.869408527333E+02  0.218411959047E+02  0.238999996190E+02
 1545842 -0.863642702631E+02  0.216398958807E+02  0.448798065190E+03
 1545844 -0.861867707591E+02  0.216737364642E+02  0.134800952150E+04
 1545845 -0.860274476862E+02  0.217041994974E+02  0.179625000000E+04
 1545847 -0.864421433229E+02  0.217521377775E+02  0.208575759890E+03
 1545848 -0.865343437083E+02  0.218111607434E+02  0.793454513550E+02
 1545849 -0.866239938087E+02  0.218250664951E+02  0.425277786250E+02
 1545850 -0.867031459200E+02  0.218692601907E+02  0.398787879940E+02
 1545851 -0.868087521565E+02  0.219018409890E+02  0.360909080510E+02
 1545852 -0.869111414876E+02  0.219063849159E+02  0.288271598820E+02
 1548565 -0.863011376608E+02  0.217865072097E+02  0.640540161130E+03
 1548567 -0.861248736180E+02  0.218290393125E+02  0.131206579590E+04
 1548569 -0.864249431992E+02  0.218760087183E+02  0.292811096190E+03
 1548570 -0.865774057224E+02  0.219262006965E+02  0.841708297730E+02
 1548571 -0.867211184633E+02  0.219834990553E+02  0.480595245360E+02
 1548572 -0.868597302171E+02  0.220006268481E+02  0.406602554320E+02
 1551244 -0.862638248027E+02  0.219482251048E+02  0.776063171390E+03
 1551248 -0.864308039779E+02  0.220318207778E+02  0.371288208010E+03
 1551249 -0.866034909793E+02  0.220865888949E+02  0.135341171260E+03
 1551250 -0.867741857846E+02  0.221164767127E+02  0.732266693120E+02
       1 3  1450460  1450462  1456174
       2 3  1548565  1548567  1551244
       3 3  1450453  1456167  1450454
       4 3  1450471  1450472  1456183
       5 3  1504154  1504151  1509015
       6 3  1472804  1467285  1467284
       7 3  1456195  1461818  1461821
       8 3  1533724  1533725  1530184
       9 3  1438910  1444674  1444675
      10 3  1456143  1450431  1450433
      11 3  1421335  1415214  1415215
      12 3  1408978  1415210  1415211
      13 3  1361777  1354476  1354477
      14 3  1518230  1513752  1513751
      15 3  1526446  1526447  1530205
      16 3  1509071  1504219  1509070
      17 3  1499138  1499142  1504158
      18 3  1513742  1513741  1518216
      19 3  1513751  1509085  1509084
      20 3  1499134  1504151  1499143
      21 3  1530165  1526402  1530164
      22 3  1450468  1450470  1456181
      23 3  1421349  1421350  1415228
      24 3  1450443  1444676  1444677
      25 3  1444702  1450469  1444701
      26 3  1433145  1438910  1438913
      27 3  1450442  1456154  1450444
      28 3  1450439  1450440  1444672
      29 3  1461803  1461802  1467315
      30 3  1368948  1375970  1368947
      31 3  1461776  1467295  1467296
      32 3  1368946  1375967  1368945
      33 3  1472803  1467283  1472802
      34 3  1513700  1518186  1518187
      35 3  1540138  1537038  1537040
      36 3  1522445  1522446  1518218
      37 3  1513742  1518220  1518219
      38 3  1526440  1522449  1526441
      39 3  1509072  1513728  1513729
      40 3  1494123  1499239  1499231
      41 3  1499234  1494122  1499233
      42 3  1499143  1504160  1499142
      43 3  1483563  1483562  1478182
      44 3  1488847  1483562  1488848
      45 3  1509077  1504225  1509074
      46 3  1499137  1499239  1499238
      47 3  1499137  1499238  1494121
      48 3  1526414  1526436  1522443
      49 3  1522444  1522448  1518220
      50 3  1499143  1504151  1504155
      51 3  1518209  1522438  1518210
      52 3  1518214  1522442  1518217
      53 3  1488848  1494024  1488847
      54 3  1478274  1478273  1483637
      55 3  1518187  1518186  1522422
      56 3  1522434  1522435  1518206
      57 3  1472702  1472703  1478183
      58 3  1533725  1533726  1530186
      59 3  1526401  1526403  1522402
      60 3  1522441  1526435  1526434
      61 3  1504222  1504225  1499222
      62 3  1509078  1513732  1513734
      63 3  1472823  1472824  1467307
      64 3  1504221  1504222  1499218
      65 3  1478293  1472835  1472834
      66 3  1461820  1456193  1456196
      67 3  1488934  1488936  1494105
      68 3  1483657  1478300  1478299
      69 3  1509071  1509070  1513727
      70 3  1450422  1456132  1456133
      71 3  1504211  1504210  1509064
      72 3  1494096  1488926  1494097
      73 3  1461819  1456192  1461820
      74 3  1461819  1456191  1456192
      75 3  1483659  1483658  1488935
      76 3  1456177  1450465  1450464
      77 3  1461804  1461805  1467317
      78 3  1461806  1467317  1467318
      79 3  1450468  1456181  1450469
      80 3  1461793  1461794  1467308
      81 3  1461790  1467306  1461792
      82 3  1478294  1472836  1478289
      83 3  1494096  1499202  1494095
      84 3  1478269  1472824  1478286
      85 3  1450481  1456192  1450480
      86 3  1488921  1488922  1494094
      87 3  1499206  1504211  1499209
      88 3  1509065  1504212  1504215
      89 3  1499200  1504207  1499203
      90 3  1499194  1499199  1494090
      91 3  1472830  1478278  1478290
      92 3  1472825  1478287  1478285
      93 3  1494083  1488907  1494082
      94 3  1518202  1518201  1522431
      95 3  1461785  1467302  1467303
      96 3  1494079  1499190  1494081
      97 3  1478267  1483630  1478268
      98 3  1483643  1488919  1488918
      99 3  1461774  1467293  1467294
     100 3  1456182  1456181  1450470
     101 3  1472819  1478280  1472818
     102 3  1427312  1433167  1433166
     103 3  1467315  1472830  1467316
     104 3  1361780  1361779  1354479
     105 3  1368946  1375968  1375967
     106 3  1375970  1368949  1368947
     107 3  1433143  1427294  1427295
     108 3  1408982  1402661  1402662
     109 3  1368945  1361777  1361778
     110 3  1450426  1444662  1450427
     111 3  1456155  1450444  1456156
     112 3  1444677  1450442  1450444
     113 3  1456154  1461785  1456156
     114 3  1438912  1438913  1444676
     115 3  1402671  1402670  1408994
     116 3  1427290  1421332  1421331
     117 3  1438911  1438912  1444676
     118 3  1402670  1396235  1402677
     119 3  1415228  1415227  1421349
     120 3  1461812  1456181  1456182
     121 3  1444679  1438914  1438927
     122 3  1450469  1444705  1444701
     123 3  1444706  1450461  1444691
     124 3  1461793  1456161  1456163
     125 3  1421342  1421340  1427303
     126 3  1433153  1438927  1438914
     127 3  1415220  1421341  1421340
     128 3  1415228  1421350  1415229
     129 3  1421344  1415225  1415222
     130 3  1389630  1382868  1389633
     131 3  1396225  1389633  1396227
     132 3  1389638  1382875  1382876
     133 3  1427297  1421338  1421337
     134 3  1389637  1382874  1382873
     135 3  1456162  1450456  1456170
     136 3  1548570  1545849  1545848
     137 3  1551248  1548570  1548569
     138 3  1530191  1533730  1533711
     139 3  1537035  1533743  1533738
     140 3  1530199  1530194  1533733
     141 3  1545851  1548571  1548572
     142 3  1543055  1545848  1543056
     143 3  1530194  1530199  1530196
     144 3  1548571  1545850  1548570
     145 3  1533734  1533735  1530196
     146 3  1548569  1545848  1545847
     147 3  1543059  1540137  1543058
     148 3  1509086  1513753  1509087
     149 3  1513746  1518225  1518224
     150 3  1540136  1540134  1543057
     151 3  1533740  1537037  1533739
     152 3  1533741  1530204  1533739
     153 3  1533742  1537038  1533740
     154 3  1522450  1522447  1526440
     155 3  1530207  1533742  1530206
     156 3  1526441  1530197  1526440
     157 3  1530198  1533736  1530197
     158 3  1518230  1522451  1522457
     159 3  1530200  1533736  1533738
     160 3  1509084  1513744  1513751
     161 3  1518220  1522449  1522447
     162 3  1526442  1522450  1526440
     163 3  1518221  1518219  1522447
     164 3  1526447  1522458  1526448
     165 3  1522453  1518224  1518225
     166 3  1513749  1518228  1518229
     167 3  1518232  1513753  1513754
     168 3  1526447  1526448  1530206
     169 3  1513750  1518226  1518225
     170 3  1522452  1518223  1518224
     171 3  1509090  1513759  1509091
     172 3  1518238  1518239  1518223
     173 3  1522471  1526459  1522472
     174 3  1522472  1526459  1526460
     175 3  1526460  1526459  1530215
     176 3  1522452  1518224  1522453
     177 3  1530215  1530214  1533748
     178 3  1526444  1522469  1522452
     179 3  1537037  1537039  1533741
     180 3  1543060  1540138  1540140
     181 3  1513758  1513759  1509090
     182 3  1483661  1478302  1483660
     183 3  1478302  1478303  1472844
     184 3  1509067  1504214  1509064
     185 3  1504236  1504237  1499237
     186 3  1499235  1494118  1494121
     187 3  1494114  1488940  1494112
     188 3  1478299  1478300  1472841
     189 3  1488847  1494023  1488846
     190 3  1494028  1494027  1488849
     191 3  1494105  1488936  1494106
     192 3  1499212  1504217  1499214
     193 3  1499216  1504220  1499217
     194 3  1504228  1509079  1504230
     195 3  1499221  1494112  1494113
     196 3  1499215  1499213  1504218
     197 3  1513674  1513673  1518167
     198 3  1478182  1478181  1472702
     199 3  1499125  1504140  1499127
     200 3  1499139  1494118  1494119
     201 3  1526414  1522414  1526413
     202 3  1494120  1499138  1494119
     203 3  1509020  1513686  1513685
     204 3  1499134  1494023  1494024
     205 3  1494023  1488849  1488846
     206 3  1483562  1478181  1478182
     207 3  1504149  1504150  1499133
     208 3  1513682  1509018  1509016
     209 3  1504240  1504241  1499240
     210 3  1518219  1518220  1522447
     211 3  1526438  1526436  1530193
     212 3  1504241  1504239  1499241
     213 3  1518214  1513738  1518215
     214 3  1509014  1509013  1513679
     215 3  1509020  1513685  1509019
     216 3  1499231  1504232  1499232
     217 3  1513738  1513737  1518215
     218 3  1499132  1504148  1499133
     219 3  1509015  1509016  1504154
     220 3  1494018  1494017  1499124
     221 3  1509017  1504153  1509010
     222 3  1509075  1504231  1509080
     223 3  1483656  1478298  1483655
     224 3  1513723  1513722  1518205
     225 3  1494114  1494111  1488940
     226 3  1494020  1499126  1494019
     227 3  1499211  1504216  1499212
     228 3  1504218  1509071  1504220
     229 3  1509076  1504226  1509077
     230 3  1499226  1504228  1499225
     231 3  1509080  1513735  1513731
     232 3  1509073  1509074  1504222
     233 3  1513730  1509077  1509074
     234 3  1513732  1509077  1513733
     235 3  1499223  1494114  1499221
     236 3  1509069  1513726  1509070
     237 3  1518205  1522435  1518207
     238 3  1518207  1522435  1522436
     239 3  1509067  1509068  1504214
     240 3  1533729  1530190  1530189
     241 3  1513727  1509070  1513726
     242 3  1522400  1518162  1518211
     243 3  1522439  1522440  1522400
     244 3  1518213  1513735  1513734
     245 3  1499220  1499224  1494115
     246 3  1518209  1522437  1522438
     247 3  1513730  1509074  1509073
     248 3  1499219  1499230  1504223
     249 3  1509080  1509079  1513735
     250 3  1533711  1530165  1530164
     251 3  1513734  1509079  1509078
     252 3  1530191  1530164  1530190
     253 3  1513735  1518213  1518211
     254 3  1509009  1504143  1504145
     255 3  1499130  1499128  1504144
     256 3  1513669  1509006  1509005
     257 3  1504137  1499219  1504223
     258 3  1518164  1518163  1522401
     259 3  1513668  1513731  1518162
     260 3  1499125  1499128  1494021
     261 3  1504139  1499123  1504138
     262 3  1499230  1494117  1499229
     263 3  1504137  1504138  1499122
     264 3  1499131  1499126  1499123
     265 3  1494110  1494109  1499219
     266 3  1504141  1499126  1499131
     267 3  1499124  1494017  1494019
     268 3  1509011  1513677  1509012
     269 3  1499135  1499130  1504146
     270 3  1509009  1513673  1509010
     271 3  1494025  1499135  1499132
     272 3  1494025  1499130  1499135
     273 3  1504153  1509013  1504148
     274 3  1526415  1530174  1530172
     275 3  1513680  1518171  1518172
     276 3  1522410  1526405  1526410
     277 3  1504154  1509018  1504155
     278 3  1518171  1522408  1518172
     279 3  1526409  1526408  1530169
     280 3  1513679  1509017  1513683
     281 3  1504146  1509009  1509010
     282 3  1504152  1509015  1504151
     283 3  1513681  1518172  1518173
     284 3  1504233  1504232  1509081
     285 3  1509081  1513688  1513737
     286 3  1518175  1522409  1522411
     287 3  1518176  1513687  1513685
     288 3  1530194  1526437  1526438
     289 3  1543056  1545848  1545849
     290 3  1522412  1518177  1518176
     291 3  1518178  1522414  1518215
     292 3  1522445  1522442  1526436
     293 3  1522414  1522413  1526413
     294 3  1530172  1530174  1533717
     295 3  1530193  1533717  1533732
     296 3  1526438  1530195  1530194
     297 3  1533717  1530173  1530172
     298 3  1533735  1537032  1537033
     299 3  1537017  1533718  1537015
     300 3  1543057  1540133  1540135
     301 3  1537016  1540122  1537029
     302 3  1522413  1522412  1526412
     303 3  1537013  1537012  1540119
     304 3  1533737  1537029  1537030
     305 3  1543051  1540128  1540129
     306 3  1540119  1540128  1543047
     307 3  1543052  1545845  1545844
     308 3  1522403  1526404  1522404
     309 3  1537014  1537013  1540120
     310 3  1540122  1540131  1537029
     311 3  1533715  1533716  1530171
     312 3  1513671  1509007  1509012
     313 3  1513671  1513678  1518165
     314 3  1518167  1522405  1518174
     315 3  1526411  1530171  1526415
     316 3  1533713  1530166  1533712
     317 3  1526403  1526401  1530165
     318 3  1548567  1548565  1545844
     319 3  1545844  1548565  1545842
     320 3  1540128  1537027  1540129
     321 3  1533726  1533727  1530187
     322 3  1533729  1537025  1537024
     323 3  1540129  1543052  1543051
     324 3  1540127  1537025  1540126
     325 3  1526431  1522436  1522435
     326 3  1537023  1533729  1533727
     327 3  1533728  1530191  1530190
     328 3  1537023  1533727  1533726
     329 3  1530190  1530164  1526434
     330 3  1543050  1540127  1540126
     331 3  1537024  1533728  1533729
     332 3  1537023  1537025  1533729
     333 3  1509066  1509065  1513722
     334 3  1472842  1472841  1478300
     335 3  1526416  1530175  1526426
     336 3  1499187  1499188  1504198
     337 3  1504213  1499210  1499208
     338 3  1483638  1483635  1478275
     339 3  1530185  1526429  1526428
     340 3  1509064  1504210  1509063
     341 3  1526427  1530184  1530185
     342 3  1518197  1522429  1518198
     343 3  1522431  1522432  1518202
     344 3  1488915  1488911  1494086
     345 3  1522433  1518203  1522432
     346 3  1522432  1518203  1518202
     347 3  1504203  1499195  1499202
     348 3  1488914  1488913  1483637
     349 3  1478273  1478272  1483635
     350 3  1494089  1494086  1499196
     351 3  1494085  1499196  1494086
     352 3  1504205  1499204  1499197
     353 3  1504206  1499201  1499199
     354 3  1478275  1483633  1483638
     355 3  1467309  1472825  1467308
     356 3  1467289  1461767  1461771
     357 3  1472810  1478275  1478272
     358 3  1478272  1478275  1483635
     359 3  1483633  1488911  1483638
     360 3  1483653  1483654  1488929
     361 3  1488912  1483637  1483635
     362 3  1488930  1494102  1488929
     363 3  1494099  1499205  1499206
     364 3  1494106  1499212  1499214
     365 3  1494100  1499206  1499207
     366 3  1472843  1478301  1472844
     367 3  1472840  1472841  1467326
     368 3  1450423  1450425  1456134
     369 3  1450422  1450479  1456132
     370 3  1467292  1467286  1472806
     371 3  1478273  1472809  1478272
     372 3  1461767  1456134  1456136
     373 3  1478269  1472807  1472805
     374 3  1450423  1456134  1456135
     375 3  1450479  1450480  1456191
     376 3  1450481  1456193  1456192
     377 3  1450423  1444714  1450421
     378 3  1467330  1467334  1461822
     379 3  1461791  1467306  1461790
     380 3  1461766  1467287  1467288
     381 3  1483660  1488938  1483661
     382 3  1444681  1438918  1438917
     383 3  1456195  1456161  1456190
     384 3  1456195  1456194  1456161
     385 3  1461797  1461798  1456167
     386 3  1483645  1478286  1483647
     387 3  1472805  1467287  1467307
     388 3  1472810  1478270  1478275
     389 3  1478271  1483633  1478270
     390 3  1472807  1467287  1472805
     391 3  1450456  1456162  1450449
     392 3  1438918  1444681  1444682
     393 3  1450453  1456166  1456167
     394 3  1450455  1444685  1444684
     395 3  1433147  1438917  1433148
     396 3  1444678  1438915  1444679
     397 3  1456169  1461799  1456170
     398 3  1438917  1438916  1444680
     399 3  1450455  1456169  1450456
     400 3  1450451  1444696  1450465
     401 3  1461794  1461800  1467309
     402 3  1461806  1456176  1461804
     403 3  1467312  1461800  1461799
     404 3  1456170  1450456  1456169
     405 3  1461794  1467309  1467308
     406 3  1488911  1483634  1488910
     407 3  1467307  1472824  1472805
     408 3  1483647  1478285  1478287
     409 3  1478285  1483647  1478286
     410 3  1472831  1467317  1467323
     411 3  1483648  1488924  1483647
     412 3  1488921  1494085  1488910
     413 3  1444691  1444705  1444706
     414 3  1433166  1427310  1427312
     415 3  1472831  1472835  1478291
     416 3  1461811  1467321  1467322
     417 3  1427309  1421351  1427310
     418 3  1450467  1456179  1456180
     419 3  1433162  1427305  1427309
     420 3  1444701  1444705  1438932
     421 3  1415220  1408986  1408987
     422 3  1433157  1427301  1433155
     423 3  1433160  1433161  1427304
     424 3  1427297  1427298  1421338
     425 3  1444707  1438933  1438937
     426 3  1427300  1433155  1427298
     427 3  1444698  1438929  1438934
     428 3  1438930  1433157  1433155
     429 3  1433165  1438938  1438936
     430 3  1427303  1433160  1427304
     431 3  1408997  1408996  1415228
     432 3  1408999  1415232  1415231
     433 3  1433165  1427309  1427310
     434 3  1421350  1421349  1427309
     435 3  1408996  1408995  1415228
     436 3  1408994  1415227  1408995
     437 3  1408994  1408999  1415227
     438 3  1408995  1408996  1402672
     439 3  1421353  1421354  1427312
     440 3  1415231  1415232  1421353
     441 3  1450473  1450477  1456185
     442 3  1421353  1427310  1421351
     443 3  1421353  1427312  1427310
     444 3  1461780  1461788  1467299
     445 3  1438938  1444711  1438936
     446 3  1427304  1433161  1433154
     447 3  1421352  1415235  1421356
     448 3  1450459  1450457  1456171
     449 3  1433168  1427313  1433149
     450 3  1467324  1461814  1461815
     451 3  1456158  1450446  1456157
     452 3  1472820  1467304  1467305
     453 3  1456173  1461801  1456187
     454 3  1483649  1478294  1478289
     455 3  1461787  1461788  1456158
     456 3  1456146  1450457  1450436
     457 3  1444687  1438920  1438922
     458 3  1450475  1456173  1456187
     459 3  1472829  1478289  1472836
     460 3  1450467  1450466  1456179
     461 3  1456188  1450477  1450478
     462 3  1456175  1461805  1461804
     463 3  1450464  1444697  1444695
     464 3  1456174  1456175  1461804
     465 3  1478288  1472827  1472828
     466 3  1456177  1461808  1456178
     467 3  1461806  1461804  1467317
     468 3  1456174  1450462  1456175
     469 3  1461810  1456186  1461814
     470 3  1467324  1467325  1472836
     471 3  1478291  1472832  1472831
     472 3  1467318  1467317  1472831
     473 3  1478287  1478288  1483648
     474 3  1472833  1472832  1478292
     475 3  1499200  1499201  1504207
     476 3  1494094  1488922  1494095
     477 3  1526428  1522431  1522430
     478 3  1504209  1509062  1509063
     479 3  1509054  1513714  1509055
     480 3  1509057  1509060  1504206
     481 3  1483647  1488924  1488922
     482 3  1467322  1472834  1472835
     483 3  1472829  1467314  1467316
     484 3  1478292  1478284  1472833
     485 3  1478292  1472832  1478291
     486 3  1494093  1499201  1499200
     487 3  1504206  1504202  1509057
     488 3  1518199  1513715  1513714
     489 3  1504206  1504207  1499201
     490 3  1518187  1518197  1513712
     491 3  1499193  1504202  1499194
     492 3  1488916  1494084  1494090
     493 3  1499199  1499201  1494093
     494 3  1499194  1504202  1499199
     495 3  1513716  1513715  1518200
     496 3  1504201  1509057  1504202
     497 3  1513716  1518200  1513718
     498 3  1488919  1494093  1494092
     499 3  1494090  1499199  1494093
     500 3  1478281  1472821  1478280
     501 3  1456156  1450444  1456154
     502 3  1488917  1483641  1488918
     503 3  1472815  1472830  1467315
     504 3  1483631  1488909  1483639
     505 3  1461789  1467305  1467304
     506 3  1483642  1483644  1488919
     507 3  1488919  1494092  1488918
     508 3  1504198  1504197  1509053
     509 3  1483629  1488907  1488908
     510 3  1499191  1494081  1499192
     511 3  1488903  1494079  1494081
     512 3  1509056  1513715  1509057
     513 3  1504196  1504197  1499186
     514 3  1499188  1494077  1499186
     515 3  1408982  1408983  1415213
     516 3  1408983  1408984  1415214
     517 3  1438905  1438906  1444668
     518 3  1461775  1456140  1456141
     519 3  1456143  1450433  1456144
     520 3  1450431  1444664  1444667
     521 3  1402663  1408983  1402662
     522 3  1450426  1444672  1444661
     523 3  1444666  1444665  1450432
     524 3  1483630  1483631  1478268
     525 3  1472811  1467293  1467297
     526 3  1444674  1438910  1438909
     527 3  1427292  1433142  1427293
     528 3  1444675  1450441  1450442
     529 3  1433142  1438909  1438910
     530 3  1444673  1450441  1444674
     531 3  1438911  1444676  1444670
     532 3  1438913  1444675  1444677
     533 3  1444677  1444675  1450442
     534 3  1450441  1456152  1450442
     535 3  1472812  1472811  1478276
     536 3  1472818  1472821  1467305
     537 3  1472816  1467299  1467304
     538 3  1478279  1472820  1478281
     539 3  1444670  1444671  1438908
     540 3  1389640  1396234  1396222
     541 3  1444670  1438908  1438907
     542 3  1375978  1382868  1382865
     543 3  1415215  1421336  1421335
     544 3  1421333  1427293  1421336
     545 3  1433139  1433143  1438907
     546 3  1433144  1433146  1438912
     547 3  1421334  1421335  1427294
     548 3  1415210  1415209  1421331
     549 3  1389630  1389633  1396225
     550 3  1396223  1389640  1396222
     551 3  1402671  1396224  1396223
     552 3  1354479  1354478  1354476
     553 3  1361781  1354480  1361779
     554 3  1361778  1361777  1354477
     555 3  1361780  1368947  1361779
     556 3  1461763  1467285  1461775
     557 3  1346999  1346998  1354480
     558 3  1382858  1375969  1382857
     559 3  1389625  1389624  1382860
     560 3  1389622  1382858  1382857
     561 3  1396215  1396214  1389625
     562 3  1375972  1382860  1382857
     563 3  1382861  1389625  1382860
     564 3  1396232  1389636  1389638
     565 3  1382866  1375986  1375980
     566 3  1402652  1408975  1402653
     567 3  1408983  1415214  1415213
     568 3  1402671  1402672  1396224
     569 3  1408992  1408991  1415223
     570 3  1421341  1427303  1421340
     571 3  1408990  1408989  1415222
     572 3  1427305  1421350  1427309
     573 3  1402668  1402669  1396220
     574 3  1421343  1421350  1427305
     575 3  1389627  1389634  1396218
     576 3  1408990  1415222  1408993
     577 3  1396210  1402652  1396211
     578 3  1389637  1389636  1396232
     579 3  1415221  1421343  1415222
     580 3  1402654  1396213  1402653
     581 3  1382863  1389628  1389629
     582 3  1408986  1415218  1408985
     583 3  1382876  1375986  1382866
     584 3  1396218  1389628  1389627
     585 3  1375973  1368952  1368951
     586 3  1382873  1375984  1375983
     587 3  1368957  1361784  1368956
     588 3  1382871  1389636  1382872
     589 3  1382862  1389627  1382863
     590 3  1375981  1382871  1375982
     591 3  1382872  1375982  1382871
     592 3  1368954  1375977  1375980
     593 3  1396226  1389639  1389631
     594 3  1382866  1375980  1375977
     595 3  1361782  1354481  1354480
     596 3  1368956  1361783  1368955
     597 3  1368953  1368952  1375974
     598 3  1548571  1551249  1551250
     599 3  1548570  1551248  1551249
     600 3  1548569  1548565  1551244
     601 3  1548572  1548571  1551250
     602 3  1548572  1545852  1545851
     603 3  1545850  1548571  1545851
     604 3  1551248  1548569  1551244
     605 3  1548569  1548570  1545848
     606 3  1551249  1548571  1548570
     607 3  1543057  1545850  1543058
     608 3  1545849  1548570  1545850
     609 3  1545850  1543057  1545849
     610 3  1540136  1540137  1537036
     611 3  1543057  1543056  1545849
     612 3  1540132  1537030  1540131
     613 3  1545848  1543055  1545847
     614 3  1545847  1543054  1545842
     615 3  1540135  1540132  1543056
     616 3  1545847  1548565  1548569
     617 3  1543054  1545847  1543055
     618 3  1543054  1543048  1545842
     619 3  1540131  1543048  1543054
     620 3  1543047  1540128  1543051
     621 3  1545847  1545842  1548565
     622 3  1545842  1543047  1543051
     623 3  1543048  1543047  1545842
     624 3  1545845  1548567  1545844
     625 3  1543055  1540132  1543054
     626 3  1530193  1530195  1526438
     627 3  1533737  1533733  1537029
     628 3  1526441  1530198  1530197
     629 3  1537030  1537029  1540131
     630 3  1533733  1530195  1533732
     631 3  1533737  1530199  1533733
     632 3  1533737  1537034  1537031
     633 3  1530194  1530196  1526439
     634 3  1530199  1533737  1533734
     635 3  1530199  1533734  1530196
     636 3  1540136  1543057  1543058
     637 3  1540134  1537032  1540133
     638 3  1537031  1537034  1540133
     639 3  1533734  1537031  1537032
     640 3  1533734  1533737  1537031
     641 3  1543054  1540132  1540131
     642 3  1537034  1533737  1537030
     643 3  1543056  1540132  1543055
     644 3  1537034  1537030  1540132
     645 3  1537031  1540133  1537032
     646 3  1540135  1543056  1543057
     647 3  1537034  1540135  1540133
     648 3  1537034  1540132  1540135
     649 3  1533738  1530201  1530200
     650 3  1530198  1530196  1533735
     651 3  1526442  1530200  1526443
     652 3  1530201  1533738  1530207
     653 3  1526443  1530200  1530201
     654 3  1530197  1533736  1530200
     655 3  1526443  1526448  1522457
     656 3  1530201  1530207  1526448
     657 3  1526448  1526443  1530201
     658 3  1513743  1513744  1509084
     659 3  1530200  1526442  1530197
     660 3  1518230  1522457  1518231
     661 3  1522448  1526439  1526441
     662 3  1530196  1530198  1526441
     663 3  1526442  1526440  1530197
     664 3  1522447  1522449  1526440
     665 3  1526441  1526439  1530196
     666 3  1526441  1522449  1522448
     667 3  1526443  1522451  1526442
     668 3  1518222  1518221  1522450
     669 3  1518232  1513754  1518231
     670 3  1522457  1526448  1522458
     671 3  1526442  1522451  1522450
     672 3  1526443  1522457  1522451
     673 3  1526446  1522456  1526447
     674 3  1518229  1518228  1522456
     675 3  1522454  1518226  1518229
     676 3  1513750  1513749  1518229
     677 3  1526447  1522455  1522458
     678 3  1522456  1518228  1522455
     679 3  1518226  1522453  1518225
     680 3  1526445  1526444  1522453
     681 3  1522452  1518238  1518223
     682 3  1518229  1518226  1513750
     683 3  1518229  1522456  1522454
     684 3  1526444  1522452  1522453
     685 3  1526458  1530214  1526459
     686 3  1530202  1526444  1526445
     687 3  1522453  1518226  1522454
     688 3  1530205  1526447  1530206
     689 3  1522456  1522455  1526447
     690 3  1530203  1530202  1526445
     691 3  1522454  1522456  1526446
     692 3  1522454  1526445  1522453
     693 3  1530202  1530204  1526457
     694 3  1526446  1526445  1522454
     695 3  1530203  1530205  1533740
     696 3  1526446  1530203  1526445
     697 3  1530204  1530214  1526457
     698 3  1533739  1530204  1530202
     699 3  1533741  1533748  1530214
     700 3  1533740  1533739  1530203
     701 3  1537037  1533741  1533739
     702 3  1537040  1537038  1533742
     703 3  1537040  1540137  1540140
     704 3  1530202  1530203  1533739
     705 3  1526446  1530205  1530203
     706 3  1533742  1533740  1530205
     707 3  1537038  1537037  1533740
     708 3  1533742  1530207  1533743
     709 3  1530206  1526448  1530207
     710 3  1530207  1533738  1533743
     711 3  1533736  1533735  1537033
     712 3  1530198  1533735  1533736
     713 3  1533734  1537032  1533735
     714 3  1533738  1537033  1537035
     715 3  1533738  1533736  1537033
     716 3  1530206  1533742  1530205
     717 3  1533743  1537036  1537040
     718 3  1537032  1540134  1537033
     719 3  1537036  1533743  1537035
     720 3  1533743  1537040  1533742
     721 3  1540140  1543059  1543061
     722 3  1540134  1540136  1537035
     723 3  1540137  1537040  1537036
     724 3  1537033  1540134  1537035
     725 3  1540133  1543057  1540134
     726 3  1540137  1540136  1543058
     727 3  1537036  1537035  1540136
     728 3  1545850  1545851  1543058
     729 3  1543059  1545851  1545852
     730 3  1543059  1543058  1545851
     731 3  1540140  1543061  1543060
     732 3  1543059  1545852  1543061
     733 3  1543060  1540139  1540138
     734 3  1537037  1537038  1540138
     735 3  1537040  1540140  1540138
     736 3  1540137  1543059  1540140
     737 3  1533748  1537039  1537045
     738 3  1537037  1540138  1537039
     739 3  1537039  1540138  1540139
     740 3  1533748  1537045  1533749
     741 3  1540139  1537045  1537039
     742 3  1530215  1533748  1533749
     743 3  1533741  1537039  1533748
     744 3  1530214  1530215  1526459
     745 3  1533749  1530216  1530215
     746 3  1526458  1526457  1530214
     747 3  1530204  1533741  1530214
     748 3  1522469  1526457  1526458
     749 3  1526444  1530202  1526457
     750 3  1530216  1526460  1530215
     751 3  1513759  1513760  1509091
     752 3  1513760  1518242  1518243
     753 3  1522472  1526460  1522473
     754 3  1518242  1513760  1513759
     755 3  1522472  1518242  1518241
     756 3  1522473  1518243  1518242
     757 3  1513759  1513758  1518242
     758 3  1518239  1518238  1522470
     759 3  1518242  1522472  1522473
     760 3  1518241  1522471  1522472
     761 3  1518240  1522470  1522471
     762 3  1522470  1522469  1526458
     763 3  1522471  1526458  1526459
     764 3  1522470  1518238  1522469
     765 3  1522471  1522470  1526458
     766 3  1522471  1518241  1518240
     767 3  1522452  1522469  1518238
     768 3  1526444  1526457  1522469
     769 3  1518239  1522470  1518240
     770 3  1518241  1518242  1513758
     771 3  1513758  1518240  1518241
     772 3  1513746  1518224  1513745
     773 3  1499215  1494108  1494107
     774 3  1467333  1461821  1467331
     775 3  1499236  1499235  1504236
     776 3  1499238  1499239  1504238
     777 3  1504236  1509086  1504237
     778 3  1504238  1504239  1509088
     779 3  1504236  1504238  1509086
     780 3  1504236  1499238  1504238
     781 3  1499235  1499238  1504236
     782 3  1494121  1499136  1499137
     783 3  1499237  1499236  1504236
     784 3  1494119  1494118  1499235
     785 3  1499235  1494121  1499238
     786 3  1513688  1509022  1513687
     787 3  1494118  1499136  1494121
     788 3  1494118  1499141  1499136
     789 3  1499139  1499140  1494118
     790 3  1509023  1504160  1509024
     791 3  1499137  1504156  1504157
     792 3  1499136  1499141  1504156
     793 3  1509021  1509022  1504157
     794 3  1504156  1509019  1509021
     795 3  1504156  1499137  1499136
     796 3  1504157  1499231  1499137
     797 3  1494123  1499231  1499232
     798 3  1499239  1499137  1499231
     799 3  1509088  1504239  1504241
     800 3  1504238  1499239  1504239
     801 3  1499239  1499241  1504239
     802 3  1504235  1499234  1504234
     803 3  1494122  1494123  1499232
     804 3  1499241  1499239  1494123
     805 3  1494123  1494122  1499241
     806 3  1494122  1499240  1499241
     807 3  1504241  1509089  1509088
     808 3  1509084  1504240  1504235
     809 3  1504241  1499241  1499240
     810 3  1518228  1513748  1518227
     811 3  1509086  1504238  1509088
     812 3  1509086  1509087  1504237
     813 3  1509089  1513754  1509088
     814 3  1513753  1509086  1509088
     815 3  1513753  1513747  1509087
     816 3  1522458  1522455  1518232
     817 3  1513753  1509088  1513754
     818 3  1522458  1518231  1522457
     819 3  1513754  1509089  1513752
     820 3  1518227  1513748  1513747
     821 3  1518228  1513749  1513748
     822 3  1522455  1518227  1518232
     823 3  1513754  1513752  1518231
     824 3  1518228  1518227  1522455
     825 3  1513747  1513753  1518227
     826 3  1522458  1518232  1518231
     827 3  1518227  1513753  1518232
     828 3  1509085  1513751  1513752
     829 3  1513744  1518222  1513751
     830 3  1513752  1518230  1518231
     831 3  1513751  1518222  1518230
     832 3  1522451  1518222  1522450
     833 3  1522451  1518230  1518222
     834 3  1522450  1518221  1522447
     835 3  1518222  1513744  1518221
     836 3  1513744  1513743  1518221
     837 3  1513743  1518219  1518221
     838 3  1509084  1504235  1509082
     839 3  1513739  1518217  1513740
     840 3  1504240  1509084  1509085
     841 3  1509082  1513743  1509084
     842 3  1509082  1509083  1513743
     843 3  1509082  1504234  1509083
     844 3  1504240  1509089  1504241
     845 3  1509085  1513752  1509089
     846 3  1509089  1504240  1509085
     847 3  1504235  1504234  1509082
     848 3  1499240  1504235  1504240
     849 3  1499240  1499234  1504235
     850 3  1499240  1494122  1499234
     851 3  1518218  1518217  1522445
     852 3  1513739  1513736  1518214
     853 3  1522446  1522445  1526438
     854 3  1522442  1522443  1526436
     855 3  1522444  1518216  1518218
     856 3  1518218  1513740  1518217
     857 3  1526437  1522444  1522446
     858 3  1513741  1513740  1518218
     859 3  1518218  1518216  1513741
     860 3  1518218  1522446  1522444
     861 3  1518220  1513742  1518216
     862 3  1518219  1513743  1513742
     863 3  1526439  1522448  1526437
     864 3  1518220  1518216  1522444
     865 3  1526437  1530194  1526439
     866 3  1530195  1533733  1530194
     867 3  1518220  1522448  1522449
     868 3  1522444  1526437  1522448
     869 3  1522446  1526438  1526437
     870 3  1522445  1526436  1526438
     871 3  1540121  1540122  1537017
     872 3  1537029  1533733  1533732
     873 3  1530193  1533732  1530195
     874 3  1537016  1537029  1533732
     875 3  1537017  1540122  1537016
     876 3  1543048  1540131  1540122
     877 3  1545844  1543051  1543052
     878 3  1545844  1545842  1543051
     879 3  1526414  1530173  1526436
     880 3  1533717  1537016  1533732
     881 3  1533717  1533718  1537016
     882 3  1540121  1543048  1540122
     883 3  1537015  1540121  1537017
     884 3  1540120  1540119  1543047
     885 3  1540121  1543047  1543048
     886 3  1540121  1540120  1543047
     887 3  1530173  1533717  1530193
     888 3  1533718  1537017  1537016
     889 3  1526436  1530173  1530193
     890 3  1526413  1526412  1530172
     891 3  1530174  1533718  1533717
     892 3  1533714  1530170  1530167
     893 3  1518215  1522414  1522443
     894 3  1513737  1513688  1518178
     895 3  1518217  1522442  1522445
     896 3  1518217  1513739  1518214
     897 3  1522414  1526414  1522443
     898 3  1526413  1530173  1526414
     899 3  1518178  1518215  1513737
     900 3  1522443  1522442  1518215
     901 3  1499232  1499233  1494122
     902 3  1499232  1504233  1499233
     903 3  1513738  1518214  1513736
     904 3  1518215  1522442  1518214
     905 3  1499231  1504157  1504232
     906 3  1499232  1504232  1504233
     907 3  1513738  1509081  1513737
     908 3  1509021  1504157  1504156
     909 3  1522413  1518178  1518177
     910 3  1509081  1504232  1509022
     911 3  1509081  1509022  1513688
     912 3  1504232  1504157  1509022
     913 3  1513685  1513687  1509021
     914 3  1518177  1513688  1513687
     915 3  1513685  1509021  1509019
     916 3  1513687  1509022  1509021
     917 3  1513686  1518176  1513685
     918 3  1522411  1522409  1526409
     919 3  1518177  1513687  1518176
     920 3  1518177  1522412  1522413
     921 3  1518175  1513689  1513684
     922 3  1518177  1518178  1513688
     923 3  1522413  1522414  1518178
     924 3  1522413  1526412  1526413
     925 3  1513684  1513689  1509024
     926 3  1526413  1530172  1530173
     927 3  1526412  1526415  1530172
     928 3  1540121  1537015  1540120
     929 3  1533718  1530174  1533716
     930 3  1522412  1522415  1526412
     931 3  1530171  1533716  1530174
     932 3  1533718  1533716  1537015
     933 3  1530174  1526415  1530171
     934 3  1540127  1537024  1537025
     935 3  1537027  1537026  1533730
     936 3  1526406  1526403  1530166
     937 3  1522401  1518163  1518162
     938 3  1533730  1537012  1533711
     939 3  1533712  1530166  1530165
     940 3  1522406  1522402  1526403
     941 3  1518169  1513677  1518164
     942 3  1533712  1530165  1533711
     943 3  1530166  1526403  1530165
     944 3  1537024  1533730  1533728
     945 3  1533711  1530164  1530191
     946 3  1526402  1522440  1526434
     947 3  1526401  1522402  1522401
     948 3  1526433  1526432  1530189
     949 3  1530164  1526402  1526434
     950 3  1526435  1530190  1526434
     951 3  1533729  1533728  1530190
     952 3  1513733  1518212  1513732
     953 3  1526434  1522440  1522439
     954 3  1526401  1522400  1522440
     955 3  1518162  1513731  1518211
     956 3  1526402  1526401  1522440
     957 3  1526402  1530165  1526401
     958 3  1526401  1522401  1522400
     959 3  1518164  1513677  1513670
     960 3  1522401  1518162  1522400
     961 3  1518163  1513668  1518162
     962 3  1522400  1518211  1522439
     963 3  1509080  1504231  1504230
     964 3  1513734  1513735  1509079
     965 3  1518211  1513731  1513735
     966 3  1513670  1513669  1518163
     967 3  1509075  1504223  1504231
     968 3  1518164  1513670  1518163
     969 3  1513669  1509005  1509004
     970 3  1518170  1513678  1518169
     971 3  1504147  1509007  1504141
     972 3  1522402  1518164  1522401
     973 3  1522402  1522406  1518169
     974 3  1522402  1518169  1518164
     975 3  1518168  1522404  1522405
     976 3  1522406  1518170  1518169
     977 3  1526407  1526406  1530168
     978 3  1504140  1504141  1509008
     979 3  1513678  1518170  1518165
     980 3  1513677  1513678  1509012
     981 3  1513677  1518169  1513678
     982 3  1509008  1509007  1513671
     983 3  1526406  1522407  1522406
     984 3  1522407  1518170  1522406
     985 3  1518168  1518166  1522404
     986 3  1518165  1518170  1522403
     987 3  1526405  1526404  1530167
     988 3  1522403  1518170  1522407
     989 3  1526406  1526407  1522407
     990 3  1526404  1522403  1522407
     991 3  1526404  1526407  1530167
     992 3  1526404  1522407  1526407
     993 3  1526403  1526406  1522406
     994 3  1530166  1530168  1526406
     995 3  1537012  1533712  1533711
     996 3  1533713  1533714  1530168
     997 3  1533728  1533730  1530191
     998 3  1537024  1537027  1533730
     999 3  1543052  1540129  1543050
    1000 3  1537027  1537024  1540127
    1001 3  1537012  1533713  1533712
    1002 3  1530167  1526407  1530168
    1003 3  1530166  1533713  1530168
    1004 3  1537014  1540120  1537015
    1005 3  1537013  1533714  1533713
    1006 3  1537014  1533715  1533714
    1007 3  1537012  1537013  1533713
    1008 3  1537012  1537026  1540119
    1009 3  1533730  1537026  1537012
    1010 3  1537027  1540128  1537026
    1011 3  1540127  1540129  1537027
    1012 3  1540127  1543050  1540129
    1013 3  1533716  1537014  1537015
    1014 3  1533714  1537013  1537014
    1015 3  1537013  1540119  1540120
    1016 3  1537026  1540128  1540119
    1017 3  1526411  1530169  1530171
    1018 3  1530169  1533715  1530171
    1019 3  1533714  1530167  1530168
    1020 3  1526405  1522404  1526404
    1021 3  1533714  1533715  1530170
    1022 3  1537014  1533716  1533715
    1023 3  1530170  1526410  1530167
    1024 3  1522410  1526408  1522408
    1025 3  1530167  1526410  1526405
    1026 3  1530170  1533715  1530169
    1027 3  1526409  1530169  1526411
    1028 3  1526410  1530170  1530169
    1029 3  1522415  1526411  1526415
    1030 3  1518179  1518176  1513689
    1031 3  1518175  1522411  1518179
    1032 3  1526411  1522415  1522411
    1033 3  1526412  1522415  1526415
    1034 3  1522412  1518176  1518179
    1035 3  1518171  1518174  1522408
    1036 3  1526408  1526410  1530169
    1037 3  1522411  1526409  1526411
    1038 3  1522408  1518174  1522410
    1039 3  1522409  1526408  1526409
    1040 3  1518174  1522405  1522410
    1041 3  1522409  1522408  1526408
    1042 3  1513680  1513681  1509015
    1043 3  1513683  1518167  1518174
    1044 3  1522404  1526405  1522405
    1045 3  1526405  1522410  1522405
    1046 3  1526410  1526408  1522410
    1047 3  1513674  1518167  1513683
    1048 3  1522409  1518172  1522408
    1049 3  1522409  1518173  1518172
    1050 3  1518174  1518171  1513683
    1051 3  1518172  1513681  1513680
    1052 3  1513682  1518173  1513684
    1053 3  1513682  1513681  1518173
    1054 3  1504148  1499135  1504153
    1055 3  1513683  1518171  1513679
    1056 3  1513673  1513674  1509010
    1057 3  1504148  1504149  1499133
    1058 3  1513679  1509013  1509017
    1059 3  1513679  1513680  1509014
    1060 3  1509014  1513680  1509015
    1061 3  1513681  1509016  1509015
    1062 3  1504152  1509014  1509015
    1063 3  1513679  1518171  1513680
    1064 3  1513686  1509023  1513689
    1065 3  1504160  1504161  1509024
    1066 3  1509018  1513684  1509024
    1067 3  1518173  1522409  1518175
    1068 3  1509018  1513682  1513684
    1069 3  1509016  1513681  1513682
    1070 3  1522415  1518179  1522411
    1071 3  1522415  1522412  1518179
    1072 3  1509024  1513689  1509023
    1073 3  1513689  1518176  1513686
    1074 3  1513689  1518175  1518179
    1075 3  1513684  1518173  1518175
    1076 3  1499140  1504158  1504159
    1077 3  1504158  1504160  1509023
    1078 3  1499142  1499138  1494027
    1079 3  1509020  1509023  1513686
    1080 3  1499140  1499141  1494118
    1081 3  1504160  1499143  1504161
    1082 3  1494028  1499134  1499143
    1083 3  1494027  1494026  1488849
    1084 3  1509023  1504159  1504158
    1085 3  1504158  1499140  1499139
    1086 3  1504159  1499141  1499140
    1087 3  1494119  1499236  1494120
    1088 3  1494119  1499235  1499236
    1089 3  1499138  1494120  1494026
    1090 3  1499139  1499138  1504158
    1091 3  1499139  1494119  1499138
    1092 3  1499143  1499142  1494028
    1093 3  1499138  1494026  1494027
    1094 3  1494028  1499142  1494027
    1095 3  1504160  1504158  1499142
    1096 3  1494028  1488849  1494023
    1097 3  1488847  1488846  1483561
    1098 3  1483562  1488847  1483561
    1099 3  1494024  1494023  1488847
    1100 3  1478183  1478182  1472702
    1101 3  1478183  1483563  1478182
    1102 3  1478181  1483562  1483561
    1103 3  1483563  1488848  1483562
    1104 3  1499135  1504148  1499132
    1105 3  1509013  1504149  1504148
    1106 3  1494028  1494023  1499134
    1107 3  1504149  1509014  1504150
    1108 3  1504161  1504155  1509018
    1109 3  1504161  1499143  1504155
    1110 3  1504150  1509014  1504152
    1111 3  1504149  1509013  1509014
    1112 3  1509018  1504154  1509016
    1113 3  1504155  1504151  1504154
    1114 3  1509017  1513674  1513683
    1115 3  1509017  1509010  1513674
    1116 3  1504144  1509009  1504146
    1117 3  1504143  1499129  1504145
    1118 3  1499127  1504143  1499128
    1119 3  1518166  1518165  1522403
    1120 3  1504142  1499127  1504140
    1121 3  1504142  1499129  1499127
    1122 3  1509010  1504153  1504146
    1123 3  1509017  1509013  1504153
    1124 3  1504143  1504144  1499128
    1125 3  1504143  1509009  1504144
    1126 3  1504146  1504153  1499135
    1127 3  1472703  1472704  1478183
    1128 3  1499130  1504144  1504146
    1129 3  1494021  1499128  1494022
    1130 3  1494022  1499130  1494025
    1131 3  1494022  1499128  1499130
    1132 3  1504140  1499124  1499126
    1133 3  1504140  1499125  1499124
    1134 3  1494018  1499125  1494021
    1135 3  1499128  1499125  1499127
    1136 3  1494018  1499124  1499125
    1137 3  1499227  1504228  1499226
    1138 3  1494110  1499219  1499122
    1139 3  1499126  1499124  1494019
    1140 3  1499228  1494116  1499225
    1141 3  1499228  1504230  1499229
    1142 3  1494109  1494117  1499219
    1143 3  1499229  1504231  1499230
    1144 3  1499123  1499126  1494020
    1145 3  1499225  1504228  1499228
    1146 3  1499227  1504229  1504228
    1147 3  1494116  1499229  1494117
    1148 3  1494116  1499228  1499229
    1149 3  1509078  1504229  1504227
    1150 3  1509079  1504228  1504229
    1151 3  1504223  1499230  1504231
    1152 3  1499219  1494117  1499230
    1153 3  1499229  1504230  1504231
    1154 3  1499228  1504228  1504230
    1155 3  1509075  1509004  1504223
    1156 3  1504137  1499122  1499219
    1157 3  1509004  1504137  1504223
    1158 3  1504138  1499123  1499122
    1159 3  1509005  1504138  1504137
    1160 3  1509005  1509006  1504139
    1161 3  1499127  1499129  1504143
    1162 3  1513672  1518165  1518166
    1163 3  1518167  1513676  1518168
    1164 3  1518167  1513673  1513676
    1165 3  1518166  1513675  1513672
    1166 3  1499126  1504141  1504140
    1167 3  1504139  1504138  1509005
    1168 3  1504140  1509008  1504142
    1169 3  1513671  1509012  1513678
    1170 3  1504141  1509007  1509008
    1171 3  1504147  1499131  1504139
    1172 3  1518167  1518168  1522405
    1173 3  1513676  1513675  1518168
    1174 3  1522404  1518166  1522403
    1175 3  1518168  1513675  1518166
    1176 3  1513677  1509011  1513670
    1177 3  1509012  1509007  1509011
    1178 3  1509011  1509006  1513670
    1179 3  1504147  1504141  1499131
    1180 3  1509011  1504147  1509006
    1181 3  1499131  1499123  1504139
    1182 3  1509006  1504147  1504139
    1183 3  1509011  1509007  1504147
    1184 3  1513669  1509004  1513668
    1185 3  1509005  1504137  1509004
    1186 3  1513668  1509075  1513731
    1187 3  1513668  1509004  1509075
    1188 3  1509079  1509080  1504230
    1189 3  1513731  1509075  1509080
    1190 3  1518163  1513669  1513668
    1191 3  1513670  1509006  1513669
    1192 3  1488939  1494111  1488941
    1193 3  1494114  1499223  1499220
    1194 3  1494111  1488939  1488940
    1195 3  1509072  1504221  1504220
    1196 3  1499222  1499221  1494113
    1197 3  1504222  1499222  1499218
    1198 3  1504225  1499221  1499222
    1199 3  1499223  1499221  1504225
    1200 3  1494114  1494112  1499221
    1201 3  1494106  1494104  1499212
    1202 3  1504216  1509069  1504217
    1203 3  1494103  1499210  1499211
    1204 3  1504213  1504216  1499210
    1205 3  1478295  1483653  1478297
    1206 3  1472840  1472839  1478298
    1207 3  1499208  1499210  1494102
    1208 3  1499215  1504218  1504220
    1209 3  1504219  1504217  1509070
    1210 3  1499213  1499214  1504218
    1211 3  1494106  1488936  1494104
    1212 3  1483655  1488931  1488932
    1213 3  1494102  1499210  1494103
    1214 3  1494103  1488931  1494102
    1215 3  1488932  1488931  1494103
    1216 3  1488929  1494102  1488931
    1217 3  1488931  1483655  1488929
    1218 3  1478297  1483655  1478298
    1219 3  1483653  1488929  1483655
    1220 3  1483655  1488932  1483656
    1221 3  1494103  1499211  1494104
    1222 3  1494104  1488936  1488933
    1223 3  1499213  1494107  1494105
    1224 3  1499213  1494106  1499214
    1225 3  1499213  1494105  1494106
    1226 3  1494103  1494104  1488932
    1227 3  1499211  1499212  1494104
    1228 3  1499218  1499222  1494113
    1229 3  1494108  1499215  1499216
    1230 3  1504220  1504221  1499217
    1231 3  1499217  1504221  1499218
    1232 3  1499216  1499215  1504220
    1233 3  1494107  1499213  1499215
    1234 3  1488937  1494105  1494107
    1235 3  1488935  1483660  1483659
    1236 3  1494104  1488933  1488932
    1237 3  1488936  1488934  1488933
    1238 3  1488935  1483658  1488934
    1239 3  1478299  1472841  1472840
    1240 3  1488937  1488935  1494105
    1241 3  1483658  1478300  1483657
    1242 3  1494108  1488937  1494107
    1243 3  1494105  1488935  1488934
    1244 3  1488937  1483660  1488935
    1245 3  1483660  1488937  1488938
    1246 3  1488938  1488937  1494108
    1247 3  1483658  1483659  1478301
    1248 3  1483661  1478304  1478303
    1249 3  1478302  1483659  1483660
    1250 3  1478302  1478301  1483659
    1251 3  1478301  1478300  1483658
    1252 3  1478301  1472842  1478300
    1253 3  1467331  1467332  1472846
    1254 3  1467329  1467330  1461817
    1255 3  1483661  1478303  1478302
    1256 3  1478304  1472847  1478303
    1257 3  1478302  1472844  1478301
    1258 3  1478303  1472847  1472845
    1259 3  1472841  1472842  1467326
    1260 3  1472844  1472845  1467329
    1261 3  1472843  1472842  1478301
    1262 3  1472843  1467327  1472842
    1263 3  1478298  1478299  1472840
    1264 3  1483656  1478299  1478298
    1265 3  1483657  1488934  1483658
    1266 3  1483656  1483657  1478299
    1267 3  1488933  1488934  1483657
    1268 3  1488933  1483656  1488932
    1269 3  1488933  1483657  1483656
    1270 3  1478297  1478298  1472839
    1271 3  1483653  1483655  1478297
    1272 3  1472846  1467332  1467334
    1273 3  1461820  1456192  1456193
    1274 3  1450422  1450481  1450480
    1275 3  1450421  1450483  1450481
    1276 3  1456196  1461822  1461820
    1277 3  1461816  1467330  1461822
    1278 3  1467334  1467332  1461822
    1279 3  1467332  1461819  1461820
    1280 3  1461819  1467332  1467331
    1281 3  1461820  1461822  1467332
    1282 3  1472846  1472847  1478304
    1283 3  1472846  1467334  1472847
    1284 3  1461818  1461819  1467331
    1285 3  1456191  1450480  1456192
    1286 3  1467333  1467331  1472846
    1287 3  1461818  1456195  1456190
    1288 3  1461821  1456194  1456195
    1289 3  1461821  1461818  1467331
    1290 3  1461818  1456189  1456191
    1291 3  1461818  1456191  1461819
    1292 3  1461818  1456190  1456189
    1293 3  1456189  1450479  1456191
    1294 3  1456131  1456133  1461764
    1295 3  1450482  1450449  1456162
    1296 3  1461790  1456160  1456189
    1297 3  1456160  1456132  1456189
    1298 3  1456190  1461790  1456189
    1299 3  1450425  1456136  1456134
    1300 3  1456189  1456132  1450479
    1301 3  1461766  1461792  1467287
    1302 3  1456160  1461766  1461765
    1303 3  1472806  1472807  1478270
    1304 3  1461764  1461765  1467286
    1305 3  1467290  1467289  1472808
    1306 3  1450481  1450422  1450421
    1307 3  1450480  1450479  1450422
    1308 3  1450422  1456131  1450421
    1309 3  1450422  1456133  1456131
    1310 3  1456193  1450481  1450483
    1311 3  1456131  1450425  1450421
    1312 3  1456131  1456136  1450425
    1313 3  1444714  1450423  1450424
    1314 3  1450421  1450425  1450423
    1315 3  1467291  1461769  1467290
    1316 3  1461770  1456135  1461769
    1317 3  1467291  1461770  1461769
    1318 3  1456135  1456134  1461768
    1319 3  1483652  1488913  1488927
    1320 3  1450483  1450421  1444714
    1321 3  1450424  1450423  1456135
    1322 3  1450483  1456196  1456193
    1323 3  1461816  1461822  1456196
    1324 3  1461817  1467328  1467329
    1325 3  1478303  1472845  1472844
    1326 3  1472847  1467334  1472845
    1327 3  1461817  1467330  1461816
    1328 3  1472845  1467334  1467330
    1329 3  1472842  1467327  1467326
    1330 3  1472843  1467329  1467328
    1331 3  1472844  1467329  1472843
    1332 3  1472845  1467330  1467329
    1333 3  1467327  1472843  1467328
    1334 3  1478295  1478297  1472838
    1335 3  1478295  1472838  1472837
    1336 3  1478297  1472839  1472838
    1337 3  1478296  1478295  1472837
    1338 3  1483654  1483653  1478295
    1339 3  1494101  1494102  1488930
    1340 3  1478296  1483654  1478295
    1341 3  1488930  1488929  1483654
    1342 3  1494102  1494101  1499208
    1343 3  1499209  1499207  1499206
    1344 3  1494099  1499206  1494100
    1345 3  1488927  1488928  1483652
    1346 3  1494099  1494100  1488928
    1347 3  1494099  1488927  1494098
    1348 3  1494099  1488928  1488927
    1349 3  1499205  1494098  1499204
    1350 3  1488927  1488913  1494088
    1351 3  1504211  1499205  1504210
    1352 3  1494099  1494098  1499205
    1353 3  1499209  1504212  1499207
    1354 3  1504215  1509068  1509065
    1355 3  1504214  1504211  1509064
    1356 3  1499206  1499205  1504211
    1357 3  1509065  1509068  1513722
    1358 3  1504215  1504214  1509068
    1359 3  1499209  1504215  1504212
    1360 3  1499209  1504211  1504214
    1361 3  1513721  1509067  1509064
    1362 3  1504215  1499209  1504214
    1363 3  1504205  1499198  1504204
    1364 3  1504204  1499196  1499195
    1365 3  1513725  1509068  1509067
    1366 3  1509064  1509063  1513721
    1367 3  1509063  1513720  1513721
    1368 3  1509062  1513720  1509063
    1369 3  1518206  1513725  1513724
    1370 3  1518203  1513720  1518202
    1371 3  1513724  1509067  1513721
    1372 3  1513724  1513725  1509067
    1373 3  1518203  1513724  1513721
    1374 3  1518206  1522435  1518205
    1375 3  1513723  1518205  1513726
    1376 3  1518206  1513724  1518204
    1377 3  1513722  1513725  1518205
    1378 3  1513722  1509068  1513725
    1379 3  1513725  1518206  1518205
    1380 3  1518204  1522434  1518206
    1381 3  1518208  1513727  1518207
    1382 3  1513726  1518205  1518207
    1383 3  1522436  1518208  1518207
    1384 3  1509071  1504218  1504219
    1385 3  1513727  1513726  1518207
    1386 3  1509070  1504217  1509069
    1387 3  1499212  1504216  1504217
    1388 3  1509066  1513722  1513723
    1389 3  1504216  1509066  1509069
    1390 3  1509069  1513723  1513726
    1391 3  1509069  1509066  1513723
    1392 3  1499210  1504216  1499211
    1393 3  1504213  1509066  1504216
    1394 3  1499214  1504219  1504218
    1395 3  1499214  1504217  1504219
    1396 3  1513728  1509071  1513727
    1397 3  1513728  1509072  1509071
    1398 3  1509072  1509073  1504221
    1399 3  1509074  1504225  1504222
    1400 3  1509073  1509072  1513729
    1401 3  1504220  1509071  1509072
    1402 3  1513730  1509073  1513729
    1403 3  1504222  1504221  1509073
    1404 3  1513732  1509076  1509077
    1405 3  1504227  1499227  1499224
    1406 3  1504226  1499223  1504225
    1407 3  1499224  1499227  1494115
    1408 3  1509077  1504226  1504225
    1409 3  1509076  1504227  1504224
    1410 3  1494114  1499220  1494111
    1411 3  1504224  1504226  1509076
    1412 3  1494111  1494115  1488941
    1413 3  1494111  1499220  1494115
    1414 3  1499223  1504224  1499220
    1415 3  1504227  1504229  1499227
    1416 3  1499220  1504224  1499224
    1417 3  1509076  1509078  1504227
    1418 3  1499224  1504224  1504227
    1419 3  1499223  1504226  1504224
    1420 3  1504229  1509078  1509079
    1421 3  1509076  1513732  1509078
    1422 3  1513730  1518210  1513733
    1423 3  1526433  1526435  1522441
    1424 3  1518212  1513734  1513732
    1425 3  1518213  1522439  1518211
    1426 3  1518212  1518213  1513734
    1427 3  1518212  1522441  1518213
    1428 3  1522439  1522441  1526434
    1429 3  1526435  1526433  1530189
    1430 3  1518213  1522441  1522439
    1431 3  1518209  1518210  1513729
    1432 3  1518212  1522438  1522441
    1433 3  1526432  1526431  1530188
    1434 3  1522441  1522438  1526433
    1435 3  1518212  1513733  1518210
    1436 3  1518210  1513730  1513729
    1437 3  1513733  1509077  1513730
    1438 3  1513728  1518209  1513729
    1439 3  1522438  1518212  1518210
    1440 3  1518208  1518209  1513728
    1441 3  1522437  1526433  1522438
    1442 3  1522437  1518208  1522436
    1443 3  1513728  1513727  1518208
    1444 3  1518208  1522437  1518209
    1445 3  1522436  1526431  1526432
    1446 3  1526430  1530186  1530187
    1447 3  1526432  1526433  1522437
    1448 3  1530188  1530187  1533727
    1449 3  1518203  1518204  1513724
    1450 3  1530186  1533726  1530187
    1451 3  1537022  1540126  1537023
    1452 3  1530187  1530188  1526431
    1453 3  1533727  1533729  1530189
    1454 3  1522436  1526432  1522437
    1455 3  1530189  1530190  1526435
    1456 3  1530188  1530189  1526432
    1457 3  1530188  1533727  1530189
    1458 3  1537022  1537023  1533726
    1459 3  1540126  1537025  1537023
    1460 3  1533725  1537022  1533726
    1461 3  1526431  1522434  1526430
    1462 3  1530184  1530183  1533724
    1463 3  1526429  1530185  1530186
    1464 3  1533724  1537022  1533725
    1465 3  1530187  1526431  1526430
    1466 3  1526431  1522435  1522434
    1467 3  1518204  1522433  1522434
    1468 3  1522433  1526429  1526430
    1469 3  1530186  1530185  1533725
    1470 3  1526427  1522430  1522429
    1471 3  1526429  1522433  1522432
    1472 3  1526430  1522434  1522433
    1473 3  1526428  1526429  1522432
    1474 3  1530186  1526430  1526429
    1475 3  1518204  1518203  1522433
    1476 3  1513721  1513720  1518203
    1477 3  1526427  1530185  1526428
    1478 3  1530184  1533725  1530185
    1479 3  1530183  1530184  1526426
    1480 3  1530175  1530183  1526426
    1481 3  1513715  1518199  1518200
    1482 3  1518187  1522422  1522416
    1483 3  1526416  1522429  1522416
    1484 3  1526426  1526427  1522429
    1485 3  1518201  1513718  1518200
    1486 3  1509060  1504207  1504206
    1487 3  1522431  1518201  1518200
    1488 3  1513719  1513720  1509062
    1489 3  1518201  1513717  1513718
    1490 3  1499195  1494094  1499202
    1491 3  1513717  1509059  1509058
    1492 3  1499204  1504210  1499205
    1493 3  1509061  1513717  1509058
    1494 3  1513719  1518202  1513720
    1495 3  1513717  1509062  1509059
    1496 3  1513717  1518201  1513719
    1497 3  1513717  1513719  1509062
    1498 3  1518201  1518202  1513719
    1499 3  1522430  1522431  1518200
    1500 3  1526428  1522432  1522431
    1501 3  1522429  1526416  1526426
    1502 3  1522416  1522422  1526416
    1503 3  1509062  1504209  1509059
    1504 3  1509063  1504210  1504209
    1505 3  1530184  1526427  1526426
    1506 3  1526428  1522430  1526427
    1507 3  1494089  1499197  1494087
    1508 3  1494098  1488927  1494088
    1509 3  1504205  1499197  1499198
    1510 3  1494098  1494088  1499197
    1511 3  1499197  1499204  1494098
    1512 3  1504209  1504210  1499204
    1513 3  1494088  1494087  1499197
    1514 3  1488914  1483637  1488912
    1515 3  1488915  1488912  1483638
    1516 3  1494087  1494088  1488914
    1517 3  1494087  1488914  1488912
    1518 3  1494088  1488913  1488914
    1519 3  1488913  1483636  1483637
    1520 3  1488913  1483652  1483636
    1521 3  1483636  1478274  1483637
    1522 3  1478270  1483633  1478275
    1523 3  1478271  1472807  1478269
    1524 3  1483637  1478273  1483635
    1525 3  1478274  1472809  1478273
    1526 3  1488915  1483638  1488911
    1527 3  1488912  1483635  1483638
    1528 3  1494089  1488915  1494086
    1529 3  1494087  1488912  1488915
    1530 3  1483633  1483634  1488911
    1531 3  1483645  1483647  1488922
    1532 3  1488911  1488910  1494086
    1533 3  1478269  1472805  1472824
    1534 3  1499195  1494085  1494094
    1535 3  1488910  1483634  1483632
    1536 3  1488910  1494085  1494086
    1537 3  1488921  1494094  1494085
    1538 3  1504208  1504203  1499202
    1539 3  1494094  1494095  1499202
    1540 3  1504204  1499195  1504203
    1541 3  1499196  1494085  1499195
    1542 3  1499198  1494089  1499196
    1543 3  1494087  1488915  1494089
    1544 3  1504204  1499198  1499196
    1545 3  1499197  1494089  1499198
    1546 3  1504209  1504205  1509059
    1547 3  1504209  1499204  1504205
    1548 3  1499203  1504208  1499202
    1549 3  1509058  1504204  1504203
    1550 3  1509059  1504204  1509058
    1551 3  1509059  1504205  1504204
    1552 3  1513713  1518198  1513714
    1553 3  1522429  1522430  1518198
    1554 3  1513712  1518197  1513713
    1555 3  1518197  1518198  1513713
    1556 3  1509053  1509052  1513712
    1557 3  1522416  1522429  1518197
    1558 3  1504201  1509056  1509057
    1559 3  1513714  1518198  1518199
    1560 3  1509061  1509060  1513718
    1561 3  1509057  1513715  1513716
    1562 3  1522430  1518199  1518198
    1563 3  1522430  1518200  1518199
    1564 3  1513717  1509061  1513718
    1565 3  1509058  1504203  1504208
    1566 3  1488917  1488918  1494091
    1567 3  1504207  1504208  1499203
    1568 3  1509060  1504208  1504207
    1569 3  1509061  1509058  1504208
    1570 3  1494097  1494091  1499200
    1571 3  1494092  1494093  1499200
    1572 3  1504202  1504206  1499199
    1573 3  1509057  1513716  1509060
    1574 3  1513718  1509060  1513716
    1575 3  1509061  1504208  1509060
    1576 3  1494084  1499194  1494090
    1577 3  1499193  1499191  1504201
    1578 3  1494091  1494092  1499200
    1579 3  1483642  1478281  1478280
    1580 3  1488916  1483639  1488909
    1581 3  1494090  1494093  1488920
    1582 3  1488920  1483644  1488916
    1583 3  1488908  1488907  1494083
    1584 3  1494084  1494083  1499194
    1585 3  1499193  1504201  1504202
    1586 3  1499192  1504200  1504201
    1587 3  1504199  1509055  1504200
    1588 3  1509055  1513715  1509056
    1589 3  1504200  1509056  1504201
    1590 3  1509055  1513714  1513715
    1591 3  1504200  1509055  1509056
    1592 3  1504199  1504198  1509054
    1593 3  1509053  1509054  1504198
    1594 3  1513713  1513714  1509054
    1595 3  1509055  1504199  1509054
    1596 3  1499190  1499192  1494081
    1597 3  1504200  1499190  1499189
    1598 3  1504196  1509052  1504197
    1599 3  1513713  1509054  1509053
    1600 3  1504197  1509052  1509053
    1601 3  1504196  1509038  1509052
    1602 3  1509053  1513712  1513713
    1603 3  1509052  1509038  1513700
    1604 3  1518197  1518187  1522416
    1605 3  1513712  1509052  1513700
    1606 3  1513712  1513700  1518187
    1607 3  1513700  1513699  1518186
    1608 3  1513700  1509038  1509037
    1609 3  1513700  1509037  1513699
    1610 3  1483622  1488900  1488901
    1611 3  1483622  1488898  1488900
    1612 3  1494079  1488901  1488900
    1613 3  1488899  1494077  1494076
    1614 3  1488903  1483624  1488901
    1615 3  1483624  1483621  1488901
    1616 3  1483622  1488901  1483621
    1617 3  1483624  1488903  1483625
    1618 3  1494080  1494081  1499191
    1619 3  1494079  1488903  1488901
    1620 3  1488904  1483625  1488903
    1621 3  1499188  1499187  1494077
    1622 3  1494076  1488898  1488899
    1623 3  1494076  1494078  1488900
    1624 3  1494081  1488904  1488903
    1625 3  1499187  1494076  1494077
    1626 3  1488900  1488898  1494076
    1627 3  1494078  1499190  1494079
    1628 3  1499192  1504201  1499191
    1629 3  1499189  1499190  1494078
    1630 3  1494079  1488900  1494078
    1631 3  1504199  1499189  1504198
    1632 3  1494078  1494076  1499187
    1633 3  1504197  1499188  1499186
    1634 3  1504197  1504198  1499188
    1635 3  1499187  1499189  1494078
    1636 3  1504200  1499192  1499190
    1637 3  1504198  1499189  1499187
    1638 3  1504199  1504200  1499189
    1639 3  1494083  1494082  1499193
    1640 3  1494080  1488904  1494081
    1641 3  1499193  1494082  1499191
    1642 3  1494082  1494080  1499191
    1643 3  1488909  1488908  1494084
    1644 3  1483630  1483629  1488908
    1645 3  1499194  1494083  1499193
    1646 3  1494084  1488908  1494083
    1647 3  1483631  1483630  1488909
    1648 3  1483630  1488908  1488909
    1649 3  1478266  1483629  1483630
    1650 3  1478277  1483631  1483639
    1651 3  1488916  1494090  1488920
    1652 3  1478267  1478266  1483630
    1653 3  1478276  1478277  1483639
    1654 3  1478267  1472803  1472802
    1655 3  1478277  1478268  1483631
    1656 3  1461778  1467296  1467297
    1657 3  1472814  1478277  1478276
    1658 3  1472814  1472813  1478277
    1659 3  1472803  1478267  1478268
    1660 3  1472802  1478266  1478267
    1661 3  1472813  1472804  1478268
    1662 3  1472804  1467284  1472803
    1663 3  1478277  1472813  1478268
    1664 3  1472814  1472811  1467297
    1665 3  1478276  1472811  1472814
    1666 3  1467300  1472812  1472817
    1667 3  1478268  1472804  1472803
    1668 3  1472813  1472814  1467296
    1669 3  1461773  1461777  1467293
    1670 3  1467296  1472814  1467297
    1671 3  1444667  1444668  1450433
    1672 3  1467295  1472813  1467296
    1673 3  1456153  1456139  1461774
    1674 3  1472822  1472812  1478276
    1675 3  1461785  1461783  1467302
    1676 3  1461784  1467294  1467300
    1677 3  1461774  1467294  1461784
    1678 3  1467293  1472811  1467294
    1679 3  1461788  1467304  1467299
    1680 3  1467301  1467303  1472818
    1681 3  1467305  1467301  1472818
    1682 3  1456155  1461781  1456148
    1683 3  1461787  1461789  1467304
    1684 3  1456157  1456150  1461782
    1685 3  1467321  1467324  1472834
    1686 3  1456186  1461810  1456179
    1687 3  1461813  1456183  1456184
    1688 3  1467321  1472834  1467322
    1689 3  1461805  1461813  1467317
    1690 3  1467322  1472835  1467323
    1691 3  1472836  1467325  1472829
    1692 3  1461815  1461814  1456188
    1693 3  1461802  1467298  1467315
    1694 3  1461779  1456171  1456146
    1695 3  1467314  1461801  1461803
    1696 3  1467298  1467299  1472815
    1697 3  1478278  1472815  1472816
    1698 3  1467315  1467298  1472815
    1699 3  1467318  1472831  1472832
    1700 3  1467323  1472835  1472831
    1701 3  1467314  1472829  1467325
    1702 3  1467316  1472830  1472829
    1703 3  1478293  1472836  1478294
    1704 3  1472834  1467324  1472836
    1705 3  1478279  1472816  1472820
    1706 3  1472815  1467299  1472816
    1707 3  1483640  1478290  1478278
    1708 3  1478289  1472829  1472830
    1709 3  1467302  1472819  1467303
    1710 3  1478280  1472821  1472818
    1711 3  1472820  1467305  1472821
    1712 3  1461789  1467301  1467305
    1713 3  1467303  1472819  1472818
    1714 3  1467302  1461784  1467300
    1715 3  1467302  1467300  1472817
    1716 3  1467294  1472811  1472812
    1717 3  1472822  1472817  1472812
    1718 3  1467300  1467294  1472812
    1719 3  1472819  1472817  1478280
    1720 3  1472819  1467302  1472817
    1721 3  1478282  1478283  1472822
    1722 3  1478280  1472817  1472822
    1723 3  1478281  1472820  1472821
    1724 3  1472816  1467304  1472820
    1725 3  1483640  1478278  1478279
    1726 3  1472830  1472815  1478278
    1727 3  1483640  1478279  1483641
    1728 3  1478278  1472816  1478279
    1729 3  1478283  1483642  1478280
    1730 3  1483641  1478279  1478281
    1731 3  1472822  1478283  1478280
    1732 3  1472822  1478276  1478282
    1733 3  1483639  1478282  1478276
    1734 3  1483639  1483644  1478282
    1735 3  1488919  1483644  1488920
    1736 3  1478283  1478282  1483644
    1737 3  1483639  1488916  1483644
    1738 3  1488909  1494084  1488916
    1739 3  1494093  1488919  1488920
    1740 3  1488918  1483641  1483643
    1741 3  1483644  1483642  1478283
    1742 3  1488919  1483643  1483642
    1743 3  1478281  1483643  1483641
    1744 3  1478281  1483642  1483643
    1745 3  1494092  1494091  1488918
    1746 3  1478290  1478289  1472830
    1747 3  1499203  1494097  1499200
    1748 3  1488925  1488917  1494091
    1749 3  1494091  1494097  1488925
    1750 3  1499203  1499202  1494096
    1751 3  1483650  1483651  1488926
    1752 3  1494097  1499203  1494096
    1753 3  1494097  1488926  1488925
    1754 3  1478293  1472834  1472836
    1755 3  1488925  1488926  1483651
    1756 3  1494096  1494095  1488924
    1757 3  1478293  1483650  1478291
    1758 3  1488926  1488923  1483650
    1759 3  1488917  1483640  1483641
    1760 3  1488917  1483649  1483640
    1761 3  1488925  1483649  1488917
    1762 3  1488925  1483651  1483649
    1763 3  1483649  1478290  1483640
    1764 3  1483649  1478289  1478290
    1765 3  1483650  1478293  1483651
    1766 3  1478291  1472835  1478293
    1767 3  1483651  1478294  1483649
    1768 3  1483651  1478293  1478294
    1769 3  1483650  1488923  1483646
    1770 3  1488926  1494096  1488923
    1771 3  1483646  1483648  1478288
    1772 3  1488924  1494095  1488922
    1773 3  1472823  1472825  1478285
    1774 3  1467310  1461809  1467313
    1775 3  1467286  1467288  1472806
    1776 3  1467287  1472807  1467288
    1777 3  1488923  1488924  1483648
    1778 3  1488923  1494096  1488924
    1779 3  1483632  1478269  1478286
    1780 3  1472824  1478285  1478286
    1781 3  1483645  1483632  1478286
    1782 3  1478271  1478270  1472807
    1783 3  1488921  1483645  1488922
    1784 3  1488921  1488910  1483645
    1785 3  1488910  1483632  1483645
    1786 3  1483634  1478271  1483632
    1787 3  1472809  1472808  1478272
    1788 3  1472806  1478270  1472810
    1789 3  1467292  1472806  1472810
    1790 3  1467288  1472807  1472806
    1791 3  1483632  1478271  1478269
    1792 3  1483634  1483633  1478271
    1793 3  1472808  1467289  1467292
    1794 3  1461771  1461764  1467286
    1795 3  1472810  1472808  1467292
    1796 3  1461768  1456134  1461767
    1797 3  1478272  1472808  1472810
    1798 3  1472809  1467290  1472808
    1799 3  1467291  1467290  1472809
    1800 3  1461769  1461768  1467290
    1801 3  1461764  1461771  1456136
    1802 3  1467289  1467290  1461768
    1803 3  1467289  1461768  1461767
    1804 3  1461769  1456135  1461768
    1805 3  1456131  1461764  1456136
    1806 3  1461765  1456132  1456160
    1807 3  1461771  1467286  1467292
    1808 3  1461765  1456133  1456132
    1809 3  1467289  1461771  1467292
    1810 3  1461767  1456136  1461771
    1811 3  1467306  1461793  1467308
    1812 3  1467307  1467287  1461792
    1813 3  1467286  1461765  1467288
    1814 3  1456160  1461792  1461766
    1815 3  1467288  1461765  1461766
    1816 3  1461764  1456133  1461765
    1817 3  1456161  1461791  1456190
    1818 3  1461792  1456160  1461790
    1819 3  1467306  1461791  1461793
    1820 3  1456161  1456194  1456163
    1821 3  1456190  1461791  1461790
    1822 3  1456161  1461793  1461791
    1823 3  1472824  1472823  1478285
    1824 3  1472826  1467312  1472827
    1825 3  1472823  1467306  1467308
    1826 3  1467307  1461792  1467306
    1827 3  1467306  1472823  1467307
    1828 3  1467308  1472825  1472823
    1829 3  1483647  1478287  1483648
    1830 3  1467312  1467309  1461800
    1831 3  1483646  1478288  1478284
    1832 3  1461797  1467310  1467311
    1833 3  1478292  1483646  1478284
    1834 3  1488923  1483648  1483646
    1835 3  1483650  1478292  1478291
    1836 3  1483650  1483646  1478292
    1837 3  1478287  1472827  1478288
    1838 3  1478287  1472825  1472826
    1839 3  1478287  1472826  1472827
    1840 3  1472825  1467309  1472826
    1841 3  1472833  1472828  1467320
    1842 3  1478284  1478288  1472828
    1843 3  1472833  1467320  1467319
    1844 3  1467310  1467313  1472827
    1845 3  1472828  1472833  1478284
    1846 3  1467319  1472832  1472833
    1847 3  1467319  1467318  1472832
    1848 3  1467319  1461807  1467318
    1849 3  1467320  1461808  1467319
    1850 3  1450463  1450464  1444694
    1851 3  1467319  1461808  1461807
    1852 3  1450451  1456165  1456164
    1853 3  1467320  1461809  1461808
    1854 3  1467313  1472828  1472827
    1855 3  1456178  1461809  1461796
    1856 3  1467320  1472828  1467313
    1857 3  1467311  1467310  1472827
    1858 3  1461809  1467320  1467313
    1859 3  1461797  1461795  1467310
    1860 3  1461796  1461809  1467310
    1861 3  1472827  1467312  1467311
    1862 3  1472826  1467309  1467312
    1863 3  1467312  1461799  1467311
    1864 3  1461800  1456170  1461799
    1865 3  1461793  1456163  1461794
    1866 3  1456163  1450482  1456162
    1867 3  1461775  1467285  1467295
    1868 3  1472804  1472813  1467295
    1869 3  1456141  1461763  1461775
    1870 3  1472804  1467295  1467285
    1871 3  1456142  1461775  1461776
    1872 3  1461776  1467296  1461778
    1873 3  1461761  1467284  1461762
    1874 3  1467283  1472803  1467284
    1875 3  1467284  1461761  1467283
    1876 3  1467283  1461761  1461760
    1877 3  1456128  1450417  1456127
    1878 3  1461761  1461762  1456128
    1879 3  1467284  1467285  1461762
    1880 3  1450430  1456140  1456142
    1881 3  1339290  1346995  1346997
    1882 3  1456127  1461761  1456128
    1883 3  1456127  1461760  1461761
    1884 3  1456145  1456142  1461776
    1885 3  1461775  1467295  1461776
    1886 3  1461778  1456145  1461776
    1887 3  1461777  1461773  1456143
    1888 3  1450434  1444668  1444669
    1889 3  1456145  1450435  1456142
    1890 3  1450435  1456144  1450434
    1891 3  1450435  1450430  1456142
    1892 3  1450435  1450434  1444669
    1893 3  1456142  1456140  1461775
    1894 3  1346995  1346996  1354476
    1895 3  1456129  1461763  1456130
    1896 3  1456140  1450430  1450428
    1897 3  1456141  1456140  1450429
    1898 3  1456140  1450428  1450429
    1899 3  1339290  1346997  1346998
    1900 3  1354476  1361777  1354479
    1901 3  1361781  1361779  1368947
    1902 3  1339290  1346998  1346999
    1903 3  1354478  1361779  1354480
    1904 3  1346997  1346995  1354476
    1905 3  1354476  1346996  1354477
    1906 3  1450418  1450417  1456128
    1907 3  1450418  1444660  1450417
    1908 3  1456128  1450419  1450418
    1909 3  1456129  1461762  1461763
    1910 3  1456128  1456129  1450419
    1911 3  1456129  1456130  1450420
    1912 3  1456141  1450429  1456130
    1913 3  1450419  1456129  1450420
    1914 3  1456128  1461762  1456129
    1915 3  1456130  1461763  1456141
    1916 3  1461762  1467285  1461763
    1917 3  1346999  1354480  1354481
    1918 3  1346998  1354478  1354480
    1919 3  1375971  1368950  1368949
    1920 3  1361781  1368950  1361782
    1921 3  1368948  1368947  1361780
    1922 3  1368949  1361781  1368947
    1923 3  1368950  1361781  1368949
    1924 3  1361782  1354480  1361781
    1925 3  1346997  1354478  1346998
    1926 3  1346997  1354476  1354478
    1927 3  1368945  1361780  1361777
    1928 3  1361779  1354478  1354479
    1929 3  1361777  1361780  1354479
    1930 3  1368945  1368948  1361780
    1931 3  1375967  1368948  1368945
    1932 3  1389622  1382860  1389624
    1933 3  1361778  1368946  1368945
    1934 3  1382857  1382860  1389622
    1935 3  1368949  1375970  1375971
    1936 3  1368948  1375967  1375969
    1937 3  1368948  1375969  1375970
    1938 3  1375967  1375968  1382857
    1939 3  1382858  1389622  1389623
    1940 3  1396215  1389625  1389626
    1941 3  1396210  1389622  1389624
    1942 3  1396210  1396211  1389623
    1943 3  1375967  1382857  1375969
    1944 3  1375968  1375972  1382857
    1945 3  1396211  1402652  1396212
    1946 3  1408976  1415210  1408977
    1947 3  1402653  1396213  1396212
    1948 3  1402654  1408976  1408977
    1949 3  1396212  1402652  1402653
    1950 3  1396214  1389624  1389625
    1951 3  1375970  1382858  1382859
    1952 3  1389622  1396210  1389623
    1953 3  1382859  1382858  1389623
    1954 3  1375970  1375969  1382858
    1955 3  1375971  1375970  1382859
    1956 3  1382867  1382865  1389630
    1957 3  1375976  1375978  1382865
    1958 3  1382871  1375981  1375980
    1959 3  1382876  1382875  1375986
    1960 3  1382871  1375980  1375986
    1961 3  1389631  1382876  1382866
    1962 3  1408988  1408998  1415221
    1963 3  1382871  1375986  1382875
    1964 3  1368955  1375981  1375982
    1965 3  1368954  1375980  1375981
    1966 3  1375983  1368955  1375982
    1967 3  1368956  1361784  1361783
    1968 3  1361785  1361784  1368957
    1969 3  1375983  1368956  1368955
    1970 3  1375983  1375984  1368957
    1971 3  1382872  1375983  1375982
    1972 3  1375984  1368958  1368957
    1973 3  1382875  1389636  1382871
    1974 3  1382873  1375983  1382872
    1975 3  1396230  1389634  1389635
    1976 3  1389637  1382872  1389636
    1977 3  1389632  1396226  1389631
    1978 3  1389638  1389636  1382875
    1979 3  1389639  1382876  1389631
    1980 3  1389639  1389638  1382876
    1981 3  1396233  1396232  1389638
    1982 3  1408998  1402675  1402676
    1983 3  1389639  1396233  1389638
    1984 3  1402664  1402665  1396217
    1985 3  1396226  1396233  1389639
    1986 3  1402673  1396229  1402674
    1987 3  1396233  1402676  1396232
    1988 3  1396233  1402673  1402676
    1989 3  1402673  1396226  1396225
    1990 3  1396225  1396226  1389632
    1991 3  1402673  1396233  1396226
    1992 3  1389630  1396225  1389632
    1993 3  1396227  1402673  1396225
    1994 3  1389631  1382867  1389632
    1995 3  1382867  1389630  1389632
    1996 3  1382865  1382868  1389630
    1997 3  1408979  1402658  1402657
    1998 3  1408977  1415210  1408978
    1999 3  1408980  1402658  1408979
    2000 3  1402656  1402655  1408977
    2001 3  1408979  1408978  1415211
    2002 3  1402656  1408978  1402657
    2003 3  1408978  1408979  1402657
    2004 3  1415211  1408980  1408979
    2005 3  1402674  1396229  1396228
    2006 3  1402673  1396227  1396229
    2007 3  1408998  1408997  1415229
    2008 3  1402676  1402673  1408997
    2009 3  1402672  1408996  1402674
    2010 3  1408997  1402673  1402674
    2011 3  1408997  1415228  1415229
    2012 3  1408995  1415227  1415228
    2013 3  1402674  1408996  1408997
    2014 3  1402674  1396228  1402672
    2015 3  1396224  1402672  1396228
    2016 3  1402671  1408995  1402672
    2017 3  1396222  1396235  1402670
    2018 3  1402671  1396223  1402670
    2019 3  1402671  1408994  1408995
    2020 3  1402670  1402677  1408994
    2021 3  1408994  1402677  1408999
    2022 3  1396223  1396222  1402670
    2023 3  1402660  1402659  1408980
    2024 3  1402658  1408980  1402659
    2025 3  1415211  1415210  1421331
    2026 3  1433140  1427291  1433139
    2027 3  1433143  1433139  1427294
    2028 3  1421334  1421331  1415213
    2029 3  1421331  1421332  1415211
    2030 3  1415212  1415215  1408984
    2031 3  1415215  1415214  1408984
    2032 3  1408982  1415213  1415209
    2033 3  1415214  1421335  1415213
    2034 3  1421335  1421334  1415213
    2035 3  1427294  1433139  1427290
    2036 3  1427294  1427290  1421334
    2037 3  1427291  1421332  1427290
    2038 3  1408976  1415209  1415210
    2039 3  1421334  1427290  1421331
    2040 3  1408975  1408976  1402653
    2041 3  1402655  1396213  1402654
    2042 3  1402656  1408977  1408978
    2043 3  1402655  1402654  1408977
    2044 3  1402653  1408976  1402654
    2045 3  1415209  1415213  1421331
    2046 3  1408975  1415209  1408976
    2047 3  1408975  1408982  1415209
    2048 3  1402652  1402661  1408975
    2049 3  1402661  1396215  1402662
    2050 3  1408975  1402661  1408982
    2051 3  1402652  1396210  1396214
    2052 3  1402652  1396214  1402661
    2053 3  1396210  1389624  1396214
    2054 3  1382861  1382860  1375972
    2055 3  1402662  1396215  1396216
    2056 3  1402661  1396214  1396215
    2057 3  1396215  1389626  1396216
    2058 3  1389625  1382861  1389626
    2059 3  1408983  1402663  1408984
    2060 3  1402663  1402662  1396216
    2061 3  1408983  1408982  1402662
    2062 3  1450430  1444663  1450428
    2063 3  1444669  1444668  1438906
    2064 3  1444663  1444669  1438906
    2065 3  1450430  1444669  1444663
    2066 3  1450430  1450435  1444669
    2067 3  1402663  1408981  1408984
    2068 3  1408981  1415212  1408984
    2069 3  1421333  1421336  1415215
    2070 3  1433140  1433139  1438907
    2071 3  1427291  1427290  1433139
    2072 3  1421335  1427295  1427294
    2073 3  1421335  1421336  1427295
    2074 3  1438911  1444670  1438907
    2075 3  1444676  1450443  1450437
    2076 3  1438911  1433143  1433144
    2077 3  1438911  1438907  1433143
    2078 3  1415215  1415212  1421333
    2079 3  1438909  1433142  1433141
    2080 3  1421333  1427292  1427293
    2081 3  1433144  1438912  1438911
    2082 3  1433146  1438913  1438912
    2083 3  1433146  1433145  1438913
    2084 3  1433141  1433142  1427292
    2085 3  1438910  1433145  1433142
    2086 3  1444673  1438909  1444661
    2087 3  1444673  1444674  1438909
    2088 3  1450432  1444665  1450431
    2089 3  1444668  1444667  1438905
    2090 3  1450431  1444665  1444664
    2091 3  1450431  1444667  1450433
    2092 3  1444664  1438905  1444667
    2093 3  1456145  1456144  1450435
    2094 3  1450433  1444668  1450434
    2095 3  1450434  1456144  1450433
    2096 3  1456145  1461778  1461777
    2097 3  1456138  1450432  1456143
    2098 3  1450427  1444666  1450432
    2099 3  1456137  1450426  1450427
    2100 3  1444662  1444666  1450427
    2101 3  1456138  1461772  1456137
    2102 3  1456137  1456139  1450439
    2103 3  1450431  1456143  1450432
    2104 3  1456144  1456145  1461777
    2105 3  1450432  1456138  1450427
    2106 3  1461773  1467293  1461772
    2107 3  1456143  1461773  1456138
    2108 3  1456143  1456144  1461777
    2109 3  1467297  1461777  1461778
    2110 3  1467297  1467293  1461777
    2111 3  1461784  1456153  1461774
    2112 3  1456138  1461773  1461772
    2113 3  1456139  1456137  1461772
    2114 3  1461772  1467293  1461774
    2115 3  1456138  1456137  1450427
    2116 3  1461772  1461774  1456139
    2117 3  1461783  1456151  1456153
    2118 3  1450439  1456151  1450440
    2119 3  1456152  1456151  1461783
    2120 3  1444672  1444673  1444661
    2121 3  1467302  1461783  1461784
    2122 3  1456151  1456139  1456153
    2123 3  1456152  1461783  1456154
    2124 3  1456153  1461784  1461783
    2125 3  1461786  1461785  1467303
    2126 3  1456154  1461783  1461785
    2127 3  1450442  1456152  1456154
    2128 3  1450441  1450440  1456152
    2129 3  1467301  1461781  1461786
    2130 3  1450445  1456157  1450446
    2131 3  1456152  1450440  1456151
    2132 3  1450441  1444673  1450440
    2133 3  1456137  1450439  1450426
    2134 3  1450440  1444673  1444672
    2135 3  1450426  1450439  1444672
    2136 3  1456139  1456151  1450439
    2137 3  1438910  1444675  1438913
    2138 3  1444674  1450441  1444675
    2139 3  1450443  1444677  1450444
    2140 3  1444676  1438913  1444677
    2141 3  1456155  1450443  1450444
    2142 3  1450437  1444670  1444676
    2143 3  1461786  1461781  1456155
    2144 3  1456150  1456157  1450445
    2145 3  1461781  1467301  1461782
    2146 3  1456149  1456150  1450445
    2147 3  1456147  1450448  1456159
    2148 3  1427314  1427313  1433168
    2149 3  1456148  1461781  1456149
    2150 3  1461782  1461789  1461787
    2151 3  1456149  1461781  1456150
    2152 3  1456155  1456156  1461786
    2153 3  1461785  1461786  1456156
    2154 3  1467303  1467301  1461786
    2155 3  1461781  1461782  1456150
    2156 3  1467301  1461789  1461782
    2157 3  1461788  1461787  1467304
    2158 3  1456157  1461782  1461787
    2159 3  1467298  1461780  1467299
    2160 3  1456159  1450447  1456158
    2161 3  1450446  1456158  1450447
    2162 3  1456157  1461787  1456158
    2163 3  1450447  1456159  1450448
    2164 3  1456158  1461788  1456159
    2165 3  1456147  1456146  1450436
    2166 3  1461779  1461802  1456171
    2167 3  1461788  1461780  1456159
    2168 3  1461780  1461779  1456147
    2169 3  1461779  1461780  1467298
    2170 3  1456147  1456159  1461780
    2171 3  1467316  1461803  1467315
    2172 3  1456171  1450457  1456146
    2173 3  1456172  1456171  1461802
    2174 3  1450458  1444686  1444687
    2175 3  1456147  1461779  1456146
    2176 3  1467298  1461802  1461779
    2177 3  1456172  1450459  1456171
    2178 3  1444687  1438921  1438920
    2179 3  1456147  1450436  1450448
    2180 3  1427296  1433150  1433149
    2181 3  1433150  1438922  1438920
    2182 3  1450458  1444687  1450459
    2183 3  1444686  1438921  1444687
    2184 3  1427296  1433149  1427313
    2185 3  1438920  1438921  1433149
    2186 3  1421354  1415233  1421352
    2187 3  1433168  1433149  1438921
    2188 3  1421356  1427313  1427314
    2189 3  1415232  1409000  1415234
    2190 3  1396234  1396235  1396222
    2191 3  1421352  1421356  1427311
    2192 3  1415235  1421355  1421356
    2193 3  1421356  1421355  1427313
    2194 3  1433149  1433150  1438920
    2195 3  1427296  1427313  1421355
    2196 3  1450437  1456148  1450438
    2197 3  1450443  1456155  1456148
    2198 3  1456148  1450437  1450443
    2199 3  1444671  1444670  1450437
    2200 3  1421352  1415230  1415235
    2201 3  1450437  1450438  1444671
    2202 3  1456148  1456149  1450438
    2203 3  1402678  1396235  1396234
    2204 3  1433140  1438907  1438908
    2205 3  1389642  1396234  1389641
    2206 3  1396236  1402678  1396234
    2207 3  1396234  1389642  1396236
    2208 3  1402677  1396235  1402678
    2209 3  1421354  1415234  1415233
    2210 3  1409000  1402677  1402678
    2211 3  1421352  1415233  1415230
    2212 3  1421353  1415234  1421354
    2213 3  1409000  1408999  1402677
    2214 3  1427311  1421354  1421352
    2215 3  1427311  1427312  1421354
    2216 3  1421353  1415232  1415234
    2217 3  1421353  1421351  1415231
    2218 3  1415234  1409000  1415233
    2219 3  1415232  1408999  1409000
    2220 3  1438933  1444707  1438934
    2221 3  1450474  1456179  1450466
    2222 3  1444708  1444707  1450474
    2223 3  1444711  1450477  1450473
    2224 3  1433167  1427311  1427314
    2225 3  1438929  1444698  1444699
    2226 3  1444708  1450474  1450466
    2227 3  1450470  1444703  1444704
    2228 3  1444704  1450467  1450470
    2229 3  1450468  1444703  1450470
    2230 3  1438932  1433158  1438931
    2231 3  1438932  1444705  1444691
    2232 3  1433158  1438932  1438925
    2233 3  1444701  1438932  1438931
    2234 3  1444700  1444703  1450468
    2235 3  1456181  1456184  1450472
    2236 3  1444702  1444700  1450468
    2237 3  1438925  1444691  1444692
    2238 3  1444692  1444691  1450461
    2239 3  1438925  1438932  1444691
    2240 3  1438923  1438926  1444688
    2241 3  1444692  1450461  1444693
    2242 3  1444705  1450469  1450472
    2243 3  1444702  1450468  1450469
    2244 3  1450472  1444706  1444705
    2245 3  1450461  1450471  1456175
    2246 3  1444713  1450478  1450477
    2247 3  1461803  1456172  1461802
    2248 3  1444711  1444712  1450477
    2249 3  1433167  1433168  1438940
    2250 3  1450467  1456180  1450470
    2251 3  1461810  1467321  1461811
    2252 3  1438939  1444712  1438938
    2253 3  1444709  1444710  1438935
    2254 3  1450476  1444713  1444710
    2255 3  1444709  1438935  1444686
    2256 3  1450458  1444709  1444686
    2257 3  1450476  1444710  1444709
    2258 3  1461814  1456185  1456188
    2259 3  1450474  1450473  1456185
    2260 3  1444713  1450476  1450478
    2261 3  1444709  1450458  1450475
    2262 3  1461815  1456188  1456187
    2263 3  1456185  1450477  1456188
    2264 3  1456172  1450458  1450459
    2265 3  1456172  1450475  1450458
    2266 3  1456187  1450478  1450476
    2267 3  1450476  1444709  1450475
    2268 3  1461801  1456173  1461803
    2269 3  1450475  1456172  1456173
    2270 3  1467325  1461815  1467314
    2271 3  1456188  1450478  1456187
    2272 3  1467314  1461803  1467316
    2273 3  1456173  1456172  1461803
    2274 3  1467314  1461815  1461801
    2275 3  1467325  1467324  1461815
    2276 3  1450475  1456187  1450476
    2277 3  1461801  1461815  1456187
    2278 3  1467321  1461814  1467324
    2279 3  1467321  1461810  1461814
    2280 3  1456179  1461810  1456180
    2281 3  1467322  1467323  1461812
    2282 3  1467322  1461812  1461811
    2283 3  1456183  1461805  1456175
    2284 3  1467323  1461813  1461812
    2285 3  1467323  1467317  1461813
    2286 3  1461807  1461806  1467318
    2287 3  1456176  1450463  1456174
    2288 3  1450461  1456175  1450462
    2289 3  1450471  1444706  1450472
    2290 3  1456184  1456183  1450472
    2291 3  1461813  1461805  1456183
    2292 3  1456175  1450471  1456183
    2293 3  1450461  1444706  1450471
    2294 3  1456182  1461810  1461811
    2295 3  1456179  1450474  1456186
    2296 3  1450469  1456181  1450472
    2297 3  1461812  1461813  1456184
    2298 3  1456185  1456186  1450474
    2299 3  1456185  1461814  1456186
    2300 3  1456180  1456182  1450470
    2301 3  1461812  1456184  1456181
    2302 3  1461810  1456182  1456180
    2303 3  1461811  1461812  1456182
    2304 3  1438926  1444690  1444688
    2305 3  1444688  1444690  1450460
    2306 3  1456165  1450451  1450465
    2307 3  1450451  1444679  1444696
    2308 3  1450450  1450452  1444680
    2309 3  1450450  1444680  1444678
    2310 3  1450463  1450460  1456174
    2311 3  1438926  1438923  1433152
    2312 3  1444696  1444697  1450465
    2313 3  1444696  1438928  1444697
    2314 3  1450463  1444694  1450460
    2315 3  1450464  1444695  1444694
    2316 3  1461804  1456176  1456174
    2317 3  1456176  1461807  1456177
    2318 3  1461807  1456176  1461806
    2319 3  1450465  1456177  1456178
    2320 3  1461809  1456178  1461808
    2321 3  1461796  1456165  1456178
    2322 3  1456176  1456177  1450463
    2323 3  1450465  1444697  1450464
    2324 3  1450463  1456177  1450464
    2325 3  1461807  1461808  1456177
    2326 3  1456178  1456165  1450465
    2327 3  1461796  1461795  1456165
    2328 3  1450452  1456164  1456166
    2329 3  1461796  1467310  1461795
    2330 3  1461795  1461797  1456166
    2331 3  1467311  1461799  1461798
    2332 3  1461794  1456170  1461800
    2333 3  1461794  1456163  1456162
    2334 3  1461794  1456162  1456170
    2335 3  1456163  1456194  1450482
    2336 3  1456168  1461798  1456169
    2337 3  1461797  1467311  1461798
    2338 3  1450455  1456168  1456169
    2339 3  1461798  1461799  1456169
    2340 3  1444682  1450453  1450454
    2341 3  1456166  1461797  1456167
    2342 3  1461795  1456164  1456165
    2343 3  1461795  1456166  1456164
    2344 3  1450452  1450453  1444681
    2345 3  1450452  1456166  1450453
    2346 3  1450454  1456168  1450455
    2347 3  1456167  1461798  1456168
    2348 3  1444682  1450454  1444683
    2349 3  1456167  1456168  1450454
    2350 3  1438918  1444682  1444683
    2351 3  1444681  1450453  1444682
    2352 3  1444685  1450455  1450456
    2353 3  1444683  1450454  1450455
    2354 3  1444681  1444680  1450452
    2355 3  1438917  1433147  1438916
    2356 3  1456164  1450450  1450451
    2357 3  1450451  1450450  1444679
    2358 3  1456164  1450452  1450450
    2359 3  1444697  1438928  1444695
    2360 3  1444694  1444689  1450460
    2361 3  1438926  1444692  1444693
    2362 3  1450460  1444689  1444688
    2363 3  1444689  1438923  1444688
    2364 3  1444689  1438924  1438923
    2365 3  1433151  1438923  1438924
    2366 3  1444696  1438927  1438928
    2367 3  1444696  1444679  1438927
    2368 3  1450450  1444678  1444679
    2369 3  1444690  1438926  1444693
    2370 3  1438923  1433151  1433152
    2371 3  1438928  1438927  1433153
    2372 3  1444679  1438915  1438914
    2373 3  1444678  1438916  1438915
    2374 3  1444678  1444680  1438916
    2375 3  1438919  1438918  1444683
    2376 3  1433148  1438917  1438918
    2377 3  1438917  1444680  1444681
    2378 3  1444684  1444683  1450455
    2379 3  1444685  1450456  1450449
    2380 3  1433148  1438918  1438919
    2381 3  1438919  1444683  1444684
    2382 3  1433155  1427301  1427299
    2383 3  1421342  1427297  1421337
    2384 3  1433155  1427299  1427298
    2385 3  1427300  1433156  1433155
    2386 3  1421337  1415216  1415219
    2387 3  1433163  1433164  1427308
    2388 3  1408985  1415219  1415216
    2389 3  1408985  1415218  1415219
    2390 3  1415219  1421340  1421337
    2391 3  1415220  1415218  1408986
    2392 3  1421340  1415219  1415218
    2393 3  1427306  1421345  1421347
    2394 3  1415218  1415220  1421340
    2395 3  1421348  1421346  1427306
    2396 3  1408987  1415217  1415220
    2397 3  1427303  1427304  1421342
    2398 3  1427306  1427307  1433163
    2399 3  1444707  1438937  1444711
    2400 3  1433154  1427297  1427304
    2401 3  1421337  1421340  1421342
    2402 3  1438929  1433156  1433154
    2403 3  1438929  1444699  1438930
    2404 3  1427304  1427297  1421342
    2405 3  1433154  1427300  1427297
    2406 3  1427297  1427300  1427298
    2407 3  1433154  1433156  1427300
    2408 3  1433156  1438930  1433155
    2409 3  1438929  1438930  1433156
    2410 3  1450466  1444698  1444708
    2411 3  1450466  1444699  1444698
    2412 3  1444698  1438934  1444708
    2413 3  1438937  1438936  1444711
    2414 3  1433161  1433160  1438933
    2415 3  1421339  1421341  1415220
    2416 3  1438929  1433161  1438934
    2417 3  1438929  1433154  1433161
    2418 3  1433161  1438933  1438934
    2419 3  1421339  1427302  1421341
    2420 3  1450473  1444707  1444711
    2421 3  1433159  1433160  1427303
    2422 3  1450474  1444707  1450473
    2423 3  1444708  1438934  1444707
    2424 3  1433165  1433166  1438938
    2425 3  1444713  1450477  1444712
    2426 3  1438939  1433166  1433167
    2427 3  1427312  1427311  1433167
    2428 3  1433167  1427314  1433168
    2429 3  1427311  1421356  1427314
    2430 3  1438940  1438939  1433167
    2431 3  1433165  1438936  1433162
    2432 3  1438939  1438938  1433166
    2433 3  1444712  1444711  1438938
    2434 3  1444713  1438939  1438940
    2435 3  1444713  1444712  1438939
    2436 3  1433163  1433162  1438936
    2437 3  1421344  1415222  1421343
    2438 3  1421349  1415231  1421351
    2439 3  1415227  1408999  1415231
    2440 3  1427309  1433165  1433162
    2441 3  1427310  1433166  1433165
    2442 3  1415231  1421349  1415227
    2443 3  1421351  1427309  1421349
    2444 3  1427307  1427305  1433162
    2445 3  1421344  1421343  1427305
    2446 3  1433159  1438933  1433160
    2447 3  1421347  1421344  1427305
    2448 3  1427306  1427308  1421348
    2449 3  1427302  1427303  1421341
    2450 3  1433162  1433163  1427307
    2451 3  1438936  1438937  1433164
    2452 3  1438936  1433164  1433163
    2453 3  1438937  1438933  1433164
    2454 3  1433164  1433159  1427308
    2455 3  1433164  1438933  1433159
    2456 3  1433159  1427302  1427308
    2457 3  1421339  1415226  1421348
    2458 3  1421348  1427302  1421339
    2459 3  1433159  1427303  1427302
    2460 3  1408989  1415221  1415222
    2461 3  1415229  1421350  1421343
    2462 3  1382870  1389634  1389627
    2463 3  1396217  1396218  1389634
    2464 3  1396230  1396217  1389634
    2465 3  1382874  1389635  1382869
    2466 3  1402664  1408989  1402665
    2467 3  1396230  1402675  1402664
    2468 3  1408998  1402676  1408997
    2469 3  1402664  1408988  1408989
    2470 3  1415229  1421343  1415221
    2471 3  1408989  1408988  1415221
    2472 3  1402675  1396232  1402676
    2473 3  1402664  1402675  1408988
    2474 3  1415221  1408998  1415229
    2475 3  1408988  1402675  1408998
    2476 3  1382872  1389637  1382873
    2477 3  1396232  1402675  1396231
    2478 3  1389637  1396232  1396231
    2479 3  1402675  1396230  1396231
    2480 3  1402664  1396217  1396230
    2481 3  1375985  1375979  1375984
    2482 3  1375979  1375973  1368958
    2483 3  1382873  1375985  1375984
    2484 3  1382869  1382870  1382862
    2485 3  1382873  1382874  1375985
    2486 3  1375983  1368957  1368956
    2487 3  1368958  1361785  1368957
    2488 3  1368951  1361785  1368958
    2489 3  1375973  1368951  1368958
    2490 3  1375984  1375979  1368958
    2491 3  1375985  1382869  1375979
    2492 3  1382874  1382869  1375985
    2493 3  1389635  1389634  1382870
    2494 3  1382862  1382870  1389627
    2495 3  1382869  1389635  1382870
    2496 3  1375973  1382862  1382863
    2497 3  1375979  1382869  1382862
    2498 3  1382863  1382864  1375974
    2499 3  1382862  1375973  1375979
    2500 3  1375974  1368952  1375973
    2501 3  1375973  1382863  1375974
    2502 3  1389628  1396218  1396220
    2503 3  1375974  1375975  1368953
    2504 3  1396219  1402666  1396218
    2505 3  1415224  1415223  1421345
    2506 3  1389627  1389628  1382863
    2507 3  1396220  1402669  1396221
    2508 3  1396217  1396219  1396218
    2509 3  1402665  1408989  1408990
    2510 3  1402666  1402667  1408991
    2511 3  1396219  1402665  1402667
    2512 3  1408991  1408990  1408993
    2513 3  1402667  1402665  1408990
    2514 3  1427307  1421347  1427305
    2515 3  1421347  1415225  1421344
    2516 3  1396220  1402666  1402668
    2517 3  1402667  1408990  1408991
    2518 3  1396218  1402666  1396220
    2519 3  1396219  1402667  1402666
    2520 3  1408991  1402668  1402666
    2521 3  1415225  1408993  1415222
    2522 3  1415226  1421346  1421348
    2523 3  1415224  1421345  1421346
    2524 3  1427306  1421347  1427307
    2525 3  1421345  1415223  1415225
    2526 3  1427308  1427306  1433163
    2527 3  1421346  1421345  1427306
    2528 3  1427302  1421348  1427308
    2529 3  1421339  1415217  1415226
    2530 3  1421339  1415220  1415217
    2531 3  1408992  1402668  1408991
    2532 3  1408992  1415223  1415224
    2533 3  1408991  1408993  1415223
    2534 3  1421345  1415225  1421347
    2535 3  1415223  1408993  1415225
    2536 3  1375974  1382864  1375975
    2537 3  1389628  1396221  1389629
    2538 3  1389628  1396220  1396221
    2539 3  1382864  1382863  1389629
    2540 3  1402669  1402668  1408992
 0 = Number of open boundaries                                                  
 0 = Total number of open boundary nodes                                        
 11 = Number of land boundaries                                                 
 329 = Total number of land boundary nodes                                      
       6       20  = Number of nodes for land boundary 336                       
 1382874
 1389635
 1396230
 1396231
 1389637
 1382874
       4       20  = Number of nodes for land boundary 347                       
 1396217
 1396219
 1402665
 1396217
       9       20  = Number of nodes for land boundary 355                       
 1421336
 1427295
 1433143
 1433144
 1433146
 1433145
 1433142
 1427293
 1421336
       8       20  = Number of nodes for land boundary 361                       
 1433168
 1438940
 1444713
 1444710
 1438935
 1444686
 1438921
 1433168
       6       20  = Number of nodes for land boundary 363                       
 1444690
 1450460
 1450462
 1450461
 1444693
 1444690
      33       20  = Number of nodes for land boundary 364                       
 1444714
 1450483
 1456196
 1461816
 1461817
 1467328
 1467327
 1467326
 1472840
 1472839
 1472838
 1472837
 1478296
 1483654
 1488930
 1494101
 1499208
 1504213
 1509066
 1509065
 1504212
 1499207
 1494100
 1488928
 1483652
 1483636
 1478274
 1472809
 1467291
 1461770
 1456135
 1450424
 1444714
      12       20  = Number of nodes for land boundary 385                       
 1499129
 1504145
 1509009
 1513673
 1513676
 1513675
 1513672
 1518165
 1513671
 1509008
 1504142
 1499129
       7       20  = Number of nodes for land boundary 386                       
 1499141
 1504156
 1509019
 1509020
 1509023
 1504159
 1499141
      14       20  = Number of nodes for land boundary 387                       
 1499233
 1499234
 1504234
 1509083
 1513743
 1513742
 1513741
 1513740
 1513739
 1513736
 1513738
 1509081
 1504233
 1499233
       4       20  = Number of nodes for land boundary 388                       
 1504161
 1509024
 1509018
 1504161
     226      20  = Number of nodes for land boundary 446                       
 1509091
 1509090
 1513758
 1518240
 1518239
 1518223
 1518224
 1513745
 1513746
 1518225
 1513750
 1513749
 1513748
 1513747
 1509087
 1504237
 1499237
 1499236
 1494120
 1494026
 1488849
 1488846
 1483561
 1478181
 1472702
 1472703
 1472704
 1478183
 1483563
 1488848
 1494024
 1499134
 1504151
 1504152
 1504150
 1499133
 1499132
 1494025
 1494022
 1494021
 1494018
 1494017
 1494019
 1494020
 1499123
 1499122
 1494110
 1494109
 1494117
 1494116
 1499225
 1499226
 1499227
 1494115
 1488941
 1488939
 1488940
 1494112
 1494113
 1499218
 1499217
 1499216
 1494108
 1488938
 1483661
 1478304
 1472846
 1467333
 1461821
 1456194
 1450482
 1450449
 1444685
 1444684
 1438919
 1433148
 1433147
 1438916
 1438915
 1438914
 1433153
 1438928
 1444695
 1444694
 1444689
 1438924
 1433151
 1433152
 1438926
 1444692
 1438925
 1433158
 1438931
 1444701
 1444702
 1444700
 1444703
 1444704
 1450467
 1450466
 1444699
 1438930
 1433157
 1427301
 1427299
 1427298
 1421338
 1421337
 1415216
 1408985
 1408986
 1408987
 1415217
 1415226
 1421346
 1415224
 1408992
 1402669
 1396221
 1389629
 1382864
 1375975
 1368953
 1368952
 1368951
 1361785
 1361784
 1361783
 1368955
 1375981
 1368954
 1375977
 1382866
 1389631
 1382867
 1382865
 1375976
 1375978
 1382868
 1389633
 1396227
 1396229
 1396228
 1396224
 1396223
 1389640
 1396234
 1389641
 1389642
 1396236
 1402678
 1409000
 1415233
 1415230
 1415235
 1421355
 1427296
 1433150
 1438922
 1444687
 1450459
 1450457
 1450436
 1450448
 1450447
 1450446
 1450445
 1456149
 1450438
 1444671
 1438908
 1433140
 1427291
 1421332
 1415211
 1408980
 1402660
 1402659
 1402658
 1402657
 1402656
 1402655
 1396213
 1396212
 1396211
 1389623
 1382859
 1375971
 1368950
 1361782
 1354481
 1346999
 1339290
 1346995
 1346996
 1354477
 1361778
 1368946
 1375968
 1375972
 1382861
 1389626
 1396216
 1402663
 1408981
 1415212
 1421333
 1427292
 1433141
 1438909
 1444661
 1450426
 1444662
 1444666
 1444665
 1444664
 1438905
 1438906
 1444663
 1450428
 1450429
 1456130
 1450420
 1450419
 1450418
 1444660
